timestamp,speed_input,speed_output,filesize_input,filesize_output
6,290.0 rd,289.0 wr,"in(215.2, 0.0)",out(214.4)
11,268.6 rd,267.1 wr,"in(215.2, 214.4)",out(427.3)
19,281.5 rd,280.1 wr,"in(215.2, 233.0)",out(446.0)
27,358.2 rd,356.4 wr,"in(215.2, 251.7)",out(464.5)
32,380.6 rd,378.5 wr,"in(64.7, 64.7)",out(128.8)
33,385.4 rd,383.9 wr,"in(64.7, 128.8)",out(192.8)
37,266.4 rd,265.1 wr,"in(215.2, 194.3)",out(407.5)
39,309.0 rd,308.2 wr,"in(64.8, 64.7)",out(129.2)
40,277.6 rd,276.6 wr,"in(64.8, 128.0)",out(192.1)
42,316.0 rd,314.9 wr,"in(64.7, 129.5)",out(193.6)
45,274.2 rd,272.7 wr,"in(215.2, 213.2)",out(426.2)
47,308.7 rd,306.5 wr,"in(64.8, 64.8)",out(128.6)
48,296.7 rd,294.8 wr,"in(64.8, 129.5)",out(193.0)
50,317.0 rd,315.9 wr,"in(64.7, 129.5)",out(193.6)
53,287.3 rd,285.9 wr,"in(215.2, 231.9)",out(444.9)
55,323.7 rd,321.1 wr,"in(56.3, 75.3)",out(130.6)
56,362.3 rd,360.7 wr,"in(64.8, 128.9)",out(192.7)
58,390.9 rd,388.4 wr,"in(64.8, 129.5)",out(193.1)
59,387.2 rd,385.0 wr,"in(64.7, 193.9)",out(257.2)
62,302.0 rd,300.5 wr,"in(215.2, 194.3)",out(407.5)
64,322.9 rd,321.0 wr,"in(64.8, 190.9)",out(254.2)
66,318.8 rd,316.7 wr,"in(64.8, 193.0)",out(256.0)
67,381.7 rd,379.9 wr,"in(64.8, 256.0)",out(319.3)
70,281.1 rd,279.7 wr,"in(215.2, 213.2)",out(426.3)
72,301.7 rd,299.7 wr,"in(64.8, 193.4)",out(256.4)
74,320.6 rd,318.4 wr,"in(37.8, 130.6)",out(167.1)
75,380.9 rd,379.1 wr,"in(64.7, 255.6)",out(318.8)
77,385.0 rd,383.0 wr,"in(64.8, 256.4)",out(319.5)
79,344.8 rd,343.1 wr,"in(215.2, 194.3)",out(407.4)
81,353.6 rd,350.5 wr,"in(64.8, 129.6)",out(192.6)
82,289.0 rd,287.2 wr,"in(64.8, 257.4)",out(320.2)
84,287.5 rd,285.5 wr,"in(64.7, 259.1)",out(321.5)
87,259.7 rd,258.4 wr,"in(215.2, 213.1)",out(426.1)
89,266.5 rd,264.2 wr,"in(64.8, 189.7)",out(252.2)
91,271.0 rd,269.1 wr,"in(64.8, 247.4)",out(309.9)
93,265.6 rd,263.7 wr,"in(66.0, 292.3)",out(355.7)
95,253.6 rd,252.3 wr,"in(215.2, 230.7)",out(443.6)
98,284.1 rd,281.9 wr,"in(64.8, 255.5)",out(317.8)
100,269.2 rd,267.2 wr,"in(43.1, 183.2)",out(224.7)
101,271.3 rd,269.4 wr,"in(64.7, 321.5)",out(383.5)
104,265.5 rd,263.6 wr,"in(64.7, 323.8)",out(385.7)
106,254.5 rd,252.8 wr,"in(322.9, 206.3)",out(525.5)
109,282.9 rd,280.5 wr,"in(64.8, 180.4)",out(243.2)
110,254.6 rd,252.2 wr,"in(64.8, 194.3)",out(256.6)
112,265.1 rd,262.9 wr,"in(64.7, 259.0)",out(321.0)
114,259.4 rd,257.3 wr,"in(47.0, 223.3)",out(268.1)
116,260.6 rd,259.0 wr,"in(269.0, 284.3)",out(549.9)
119,283.2 rd,280.6 wr,"in(64.8, 224.6)",out(286.7)
121,264.6 rd,262.2 wr,"in(64.8, 256.5)",out(318.3)
123,276.9 rd,274.6 wr,"in(64.8, 307.9)",out(369.5)
125,271.3 rd,269.0 wr,"in(47.9, 237.0)",out(282.5)
127,257.0 rd,255.2 wr,"in(322.8, 307.7)",out(626.0)
134,257.6 rd,254.4 wr,"in(64.8, 194.3)",out(255.9)
136,273.0 rd,270.3 wr,"in(64.8, 250.7)",out(312.3)
138,278.3 rd,275.6 wr,"in(64.8, 247.5)",out(309.2)
140,272.3 rd,269.6 wr,"in(64.7, 259.1)",out(320.6)
142,250.9 rd,249.2 wr,"in(322.9, 367.0)",out(685.0)
151,238.5 rd,237.3 wr,"in(64.8, 64.8)",out(128.9)
152,260.4 rd,257.2 wr,"in(64.8, 188.7)",out(250.4)
154,275.0 rd,272.6 wr,"in(64.8, 194.3)",out(256.7)
156,272.2 rd,269.0 wr,"in(64.8, 217.1)",out(278.5)
158,275.6 rd,272.5 wr,"in(64.8, 250.4)",out(311.6)
160,242.4 rd,240.7 wr,"in(322.9, 352.7)",out(670.9)
168,238.4 rd,234.7 wr,"in(3.5, 9.0)",out(12.3)
169,278.1 rd,274.2 wr,"in(64.8, 194.3)",out(255.6)
171,250.1 rd,246.7 wr,"in(64.8, 190.8)",out(252.1)
173,276.5 rd,272.7 wr,"in(64.8, 199.5)",out(260.8)
175,270.7 rd,268.1 wr,"in(64.8, 218.7)",out(280.7)
176,255.0 rd,251.9 wr,"in(64.8, 244.4)",out(305.4)
179,244.9 rd,243.0 wr,"in(376.7, 343.4)",out(714.4)
187,270.8 rd,269.5 wr,"in(64.8, 64.8)",out(128.9)
189,246.9 rd,243.9 wr,"in(64.8, 149.0)",out(211.2)
190,240.9 rd,239.4 wr,"in(58.4, 135.6)",out(192.8)
192,281.9 rd,278.7 wr,"in(64.7, 194.3)",out(256.1)
194,250.2 rd,248.9 wr,"in(64.7, 211.2)",out(274.5)
196,250.4 rd,248.4 wr,"in(376.7, 396.9)",out(767.5)
205,239.0 rd,237.7 wr,"in(69.9, 129.5)",out(198.3)
207,256.0 rd,251.8 wr,"in(64.8, 175.9)",out(236.7)
209,253.3 rd,249.2 wr,"in(64.8, 194.3)",out(254.9)
211,270.1 rd,266.1 wr,"in(64.7, 236.7)",out(297.0)
213,269.9 rd,268.4 wr,"in(64.8, 257.0)",out(319.9)
215,247.7 rd,245.8 wr,"in(376.7, 373.8)",out(744.6)
225,284.7 rd,282.2 wr,"in(64.7, 129.5)",out(192.6)
226,270.0 rd,265.6 wr,"in(64.8, 191.4)",out(251.9)
228,256.5 rd,254.8 wr,"in(64.8, 194.3)",out(257.3)
230,259.9 rd,256.6 wr,"in(64.8, 209.8)",out(271.1)
232,238.6 rd,237.1 wr,"in(45.7, 167.4)",out(211.8)
234,254.2 rd,252.3 wr,"in(376.6, 439.9)",out(810.2)
245,243.1 rd,243.0 wr,"in(64.8, 64.8)",out(129.5)
246,278.4 rd,274.1 wr,"in(64.7, 194.3)",out(255.0)
248,254.1 rd,251.9 wr,"in(64.8, 198.4)",out(260.9)
250,275.7 rd,271.6 wr,"in(64.8, 254.9)",out(315.0)
252,264.7 rd,260.6 wr,"in(64.8, 250.2)",out(310.0)
254,213.3 rd,210.2 wr,"in(64.8, 257.4)",out(317.3)
256,214.4 rd,212.8 wr,"in(0.0, 430.5)",out(427.3)
257,114.1 rd,112.4 wr,"in(64.8, 259.1)",out(319.0)
258,114.8 rd,114.0 wr,"in(64.8, 260.9)",out(323.6)
259,114.1 rd,113.2 wr,"in(64.6, 259.0)",out(321.2)
262,287.0 rd,285.4 wr,"in(534.9, 194.3)",out(725.1)
265,298.3 rd,294.8 wr,"in(64.8, 127.7)",out(190.3)
267,303.2 rd,300.8 wr,"in(64.8, 129.5)",out(192.8)
269,264.6 rd,260.9 wr,"in(64.8, 316.7)",out(376.2)
271,283.5 rd,279.9 wr,"in(64.8, 319.8)",out(379.7)
273,296.6 rd,294.4 wr,"in(64.8, 321.2)",out(383.2)
275,270.7 rd,268.6 wr,"in(376.6, 401.3)",out(771.8)
295,297.9 rd,294.6 wr,"in(64.8, 129.5)",out(192.1)
296,268.7 rd,265.3 wr,"in(56.5, 129.5)",out(183.6)
298,285.8 rd,283.2 wr,"in(64.7, 194.0)",out(256.3)
300,289.0 rd,287.1 wr,"in(26.7, 95.7)",out(121.6)
301,271.9 rd,268.1 wr,"in(64.8, 254.2)",out(314.5)
303,281.8 rd,279.8 wr,"in(64.8, 257.5)",out(320.0)
305,272.4 rd,270.3 wr,"in(376.6, 323.8)",out(695.1)
316,256.4 rd,253.1 wr,"in(64.8, 129.5)",out(191.8)
318,286.7 rd,283.2 wr,"in(64.8, 188.9)",out(250.6)
320,286.0 rd,284.5 wr,"in(64.7, 194.3)",out(257.7)
321,285.1 rd,282.3 wr,"in(64.8, 250.5)",out(312.2)
323,269.0 rd,265.9 wr,"in(64.7, 252.3)",out(313.4)
325,252.7 rd,250.9 wr,"in(322.8, 371.2)",out(689.2)
334,308.5 rd,305.3 wr,"in(64.7, 64.7)",out(128.2)
335,291.6 rd,289.2 wr,"in(64.7, 161.2)",out(224.1)
337,304.5 rd,299.4 wr,"in(64.8, 181.9)",out(242.5)
339,296.6 rd,293.4 wr,"in(64.7, 194.3)",out(256.2)
340,260.4 rd,257.7 wr,"in(33.1, 121.6)",out(153.2)
342,282.5 rd,279.7 wr,"in(64.7, 255.2)",out(316.8)
344,303.5 rd,293.7 wr,"in(64.8, 64.8)",out(125.4)
350,276.3 rd,274.1 wr,"in(376.7, 332.3)",out(703.4)
352,274.2 rd,270.4 wr,"in(64.8, 191.8)",out(253.0)
354,300.5 rd,297.5 wr,"in(64.7, 193.0)",out(255.1)
356,275.4 rd,272.4 wr,"in(64.7, 194.3)",out(256.2)
357,286.2 rd,284.5 wr,"in(64.8, 241.1)",out(304.0)
359,278.3 rd,274.9 wr,"in(64.7, 253.0)",out(313.9)
361,93.9 rd,91.7 wr,"in(64.8, 64.8)",out(126.5)
364,93.9 rd,92.1 wr,"in(64.7, 64.8)",out(127.1)
365,93.9 rd,90.9 wr,"in(64.8, 64.8)",out(125.4)
366,93.9 rd,91.9 wr,"in(64.8, 64.8)",out(126.8)
367,93.9 rd,91.7 wr,"in(64.8, 64.8)",out(126.4)
368,200.0 rd,198.6 wr,"in(322.8, 379.6)",out(697.6)
370,303.2 rd,299.1 wr,"in(50.7, 129.6)",out(177.9)
372,300.2 rd,295.3 wr,"in(64.8, 187.2)",out(247.9)
374,276.9 rd,274.5 wr,"in(64.8, 239.3)",out(301.5)
375,285.5 rd,282.4 wr,"in(64.7, 247.4)",out(308.7)
377,290.9 rd,287.4 wr,"in(64.7, 248.5)",out(309.5)
379,131.6 rd,127.5 wr,"in(64.8, 64.8)",out(125.5)
381,131.5 rd,129.3 wr,"in(64.7, 64.8)",out(127.3)
382,143.9 rd,140.5 wr,"in(129.5, 64.8)",out(189.7)
383,225.1 rd,223.4 wr,"in(376.7, 387.8)",out(758.5)
386,267.1 rd,263.9 wr,"in(64.8, 119.6)",out(182.1)
388,287.3 rd,285.1 wr,"in(64.8, 129.5)",out(192.8)
390,273.8 rd,271.8 wr,"in(64.8, 194.3)",out(257.2)
391,302.1 rd,297.8 wr,"in(64.8, 248.0)",out(308.2)
393,304.1 rd,300.8 wr,"in(64.8, 255.1)",out(316.4)
395,95.1 rd,92.3 wr,"in(64.8, 64.8)",out(125.8)
397,95.1 rd,94.2 wr,"in(64.8, 64.8)",out(128.4)
398,95.1 rd,93.3 wr,"in(64.8, 64.8)",out(127.1)
399,95.1 rd,94.1 wr,"in(64.8, 64.8)",out(128.2)
400,95.1 rd,92.3 wr,"in(64.8, 64.8)",out(125.8)
401,215.3 rd,213.6 wr,"in(376.7, 434.6)",out(804.8)
404,284.2 rd,281.2 wr,"in(64.7, 191.5)",out(253.5)
406,279.5 rd,275.2 wr,"in(64.8, 188.8)",out(249.7)
408,294.7 rd,292.2 wr,"in(64.8, 192.8)",out(255.4)
410,280.2 rd,277.6 wr,"in(64.8, 198.2)",out(260.5)
411,288.2 rd,285.7 wr,"in(64.8, 242.6)",out(304.8)
413,151.5 rd,150.0 wr,"in(64.8, 244.7)",out(306.6)
415,187.6 rd,186.2 wr,"in(0.0, 430.5)",out(427.3)
416,116.0 rd,114.4 wr,"in(64.8, 249.7)",out(310.3)
417,126.2 rd,124.6 wr,"in(64.7, 289.6)",out(349.9)
418,144.3 rd,143.5 wr,"in(64.8, 386.7)",out(448.8)
421,276.7 rd,275.2 wr,"in(534.9, 222.0)",out(752.5)
425,184.2 rd,180.2 wr,"in(14.1, 23.6)",out(36.9)
426,302.5 rd,300.4 wr,"in(64.8, 117.4)",out(180.9)
427,268.5 rd,264.3 wr,"in(64.7, 180.7)",out(241.7)
429,300.3 rd,295.5 wr,"in(64.8, 243.5)",out(303.3)
431,298.7 rd,295.9 wr,"in(26.0, 112.1)",out(136.8)
432,304.4 rd,301.0 wr,"in(64.7, 285.1)",out(346.0)
434,297.6 rd,293.6 wr,"in(64.7, 288.5)",out(348.6)
436,54.6 rd,53.7 wr,"in(64.8, 64.8)",out(127.5)
438,54.6 rd,52.6 wr,"in(64.8, 64.8)",out(125.0)
439,54.6 rd,52.6 wr,"in(64.8, 64.8)",out(125.0)
440,54.6 rd,52.8 wr,"in(64.8, 64.8)",out(125.4)
441,54.6 rd,52.5 wr,"in(64.8, 64.8)",out(124.7)
442,52.8 rd,51.5 wr,"in(64.8, 60.9)",out(122.6)
443,54.4 rd,52.5 wr,"in(64.8, 64.8)",out(125.0)
444,57.0 rd,55.3 wr,"in(72.0, 64.8)",out(132.6)
445,60.4 rd,59.4 wr,"in(64.8, 82.2)",out(144.7)
446,65.9 rd,64.4 wr,"in(64.8, 98.4)",out(159.4)
447,62.8 rd,60.8 wr,"in(64.8, 115.7)",out(174.7)
448,144.1 rd,140.4 wr,"in(64.8, 117.3)",out(177.5)
449,152.7 rd,148.2 wr,"in(64.8, 123.1)",out(182.3)
450,154.0 rd,150.0 wr,"in(64.8, 124.7)",out(184.6)
451,143.6 rd,142.4 wr,"in(376.7, 388.7)",out(759.2)
455,301.8 rd,298.2 wr,"in(35.6, 47.5)",out(82.2)
456,285.1 rd,282.3 wr,"in(64.8, 189.7)",out(251.9)
458,304.7 rd,301.0 wr,"in(64.8, 194.3)",out(255.9)
459,272.9 rd,270.3 wr,"in(54.0, 194.3)",out(245.9)
461,271.1 rd,268.6 wr,"in(64.8, 245.7)",out(307.5)
463,122.1 rd,121.0 wr,"in(64.8, 251.9)",out(313.8)
465,208.5 rd,207.0 wr,"in(0.0, 430.5)",out(427.3)
466,113.2 rd,112.1 wr,"in(64.8, 259.1)",out(320.6)
467,112.1 rd,111.0 wr,"in(64.8, 255.9)",out(317.6)
468,113.2 rd,112.1 wr,"in(64.8, 259.1)",out(320.8)
471,280.0 rd,278.4 wr,"in(534.9, 216.3)",out(746.8)
474,260.6 rd,258.5 wr,"in(34.7, 89.5)",out(123.3)
476,271.5 rd,268.4 wr,"in(64.7, 216.5)",out(278.1)
478,292.0 rd,289.2 wr,"in(64.7, 238.5)",out(300.3)
480,280.3 rd,276.6 wr,"in(64.8, 249.0)",out(309.6)
482,282.5 rd,278.8 wr,"in(64.8, 246.3)",out(307.0)
484,284.7 rd,281.9 wr,"in(64.8, 256.0)",out(317.7)
486,223.9 rd,222.2 wr,"in(0.0, 430.5)",out(427.3)
487,118.9 rd,117.4 wr,"in(64.8, 310.7)",out(370.7)
488,134.1 rd,132.8 wr,"in(64.8, 408.7)",out(469.0)
489,140.0 rd,138.9 wr,"in(64.8, 447.2)",out(508.0)
493,267.6 rd,266.1 wr,"in(534.9, 194.0)",out(724.8)
496,297.6 rd,293.9 wr,"in(64.8, 259.0)",out(319.9)
498,291.6 rd,288.1 wr,"in(64.7, 259.0)",out(319.9)
500,286.0 rd,282.3 wr,"in(64.7, 259.1)",out(319.7)
502,286.2 rd,282.5 wr,"in(64.7, 254.9)",out(315.5)
504,112.8 rd,109.4 wr,"in(64.8, 62.4)",out(123.3)
506,176.0 rd,173.9 wr,"in(64.7, 300.4)",out(360.8)
507,206.5 rd,205.0 wr,"in(0.0, 430.5)",out(427.3)
508,99.8 rd,96.9 wr,"in(64.8, 64.8)",out(125.7)
509,99.8 rd,96.3 wr,"in(64.8, 64.8)",out(125.0)
510,99.8 rd,96.9 wr,"in(64.8, 64.8)",out(125.8)
512,101.6 rd,100.4 wr,"in(64.7, 303.8)",out(364.2)
513,103.4 rd,102.5 wr,"in(54.0, 333.2)",out(383.7)
514,122.0 rd,120.9 wr,"in(64.8, 445.1)",out(505.3)
517,282.0 rd,280.1 wr,"in(588.7, 217.6)",out(800.8)
520,273.7 rd,269.5 wr,"in(58.5, 194.3)",out(248.9)
522,271.9 rd,267.5 wr,"in(64.7, 241.2)",out(301.0)
524,281.5 rd,278.3 wr,"in(64.8, 255.1)",out(316.3)
526,277.9 rd,274.2 wr,"in(64.7, 259.0)",out(319.4)
528,272.9 rd,269.5 wr,"in(64.8, 300.7)",out(360.9)
530,77.4 rd,74.7 wr,"in(64.8, 64.8)",out(125.0)
532,158.4 rd,157.2 wr,"in(0.0, 430.5)",out(427.3)
533,68.0 rd,65.4 wr,"in(64.8, 120.6)",out(178.2)
534,66.9 rd,65.1 wr,"in(64.8, 117.5)",out(177.4)
535,97.4 rd,95.8 wr,"in(64.7, 296.1)",out(354.6)
536,96.9 rd,95.8 wr,"in(64.8, 364.2)",out(423.9)
537,100.2 rd,99.0 wr,"in(64.8, 378.6)",out(438.3)
538,120.2 rd,119.2 wr,"in(64.8, 518.2)",out(578.0)
542,261.6 rd,259.8 wr,"in(588.7, 224.2)",out(807.3)
546,272.9 rd,269.5 wr,"in(63.3, 189.4)",out(249.5)
548,293.4 rd,290.3 wr,"in(64.8, 194.3)",out(256.4)
550,279.4 rd,275.7 wr,"in(64.8, 231.3)",out(292.1)
551,289.9 rd,285.5 wr,"in(44.8, 160.3)",out(202.0)
553,278.7 rd,274.1 wr,"in(64.8, 259.1)",out(318.5)
555,119.8 rd,114.8 wr,"in(64.8, 64.8)",out(124.2)
557,49.3 rd,47.7 wr,"in(64.8, 64.8)",out(125.5)
558,49.1 rd,47.0 wr,"in(64.8, 64.8)",out(123.8)
559,49.1 rd,47.0 wr,"in(64.8, 64.8)",out(123.8)
560,163.2 rd,162.0 wr,"in(0.0, 430.5)",out(427.3)
561,98.2 rd,97.0 wr,"in(64.8, 301.0)",out(361.3)
562,58.4 rd,56.4 wr,"in(64.7, 122.6)",out(180.8)
563,86.4 rd,85.3 wr,"in(64.8, 319.4)",out(379.3)
564,95.5 rd,94.5 wr,"in(64.8, 388.5)",out(448.5)
565,117.7 rd,116.7 wr,"in(64.8, 575.4)",out(634.5)
570,265.1 rd,263.0 wr,"in(642.5, 245.7)",out(881.1)
574,286.6 rd,283.4 wr,"in(64.8, 64.7)",out(128.1)
575,278.2 rd,273.6 wr,"in(64.8, 224.8)",out(284.8)
577,271.5 rd,267.7 wr,"in(64.8, 259.1)",out(319.4)
579,280.7 rd,276.4 wr,"in(64.8, 277.4)",out(337.0)
581,278.5 rd,274.8 wr,"in(64.8, 307.4)",out(367.4)
583,220.2 rd,218.6 wr,"in(0.0, 430.4)",out(427.3)
585,66.3 rd,63.4 wr,"in(64.8, 64.8)",out(124.0)
586,41.5 rd,40.0 wr,"in(64.8, 64.8)",out(125.0)
587,41.5 rd,40.2 wr,"in(64.8, 64.8)",out(125.7)
588,41.5 rd,39.4 wr,"in(64.8, 64.8)",out(122.9)
589,53.7 rd,51.9 wr,"in(64.8, 112.7)",out(171.6)
590,53.4 rd,52.9 wr,"in(31.5, 184.8)",out(214.0)
591,77.7 rd,76.5 wr,"in(64.8, 292.4)",out(351.6)
592,53.6 rd,52.9 wr,"in(30.3, 189.8)",out(217.4)
593,68.9 rd,68.1 wr,"in(42.0, 292.1)",out(330.0)
594,86.9 rd,85.6 wr,"in(64.8, 375.4)",out(433.6)
595,92.6 rd,91.6 wr,"in(64.8, 448.0)",out(507.3)
600,192.0 rd,190.5 wr,"in(642.5, 259.0)",out(894.3)
604,48.7 rd,46.0 wr,"in(64.8, 64.8)",out(122.4)
605,48.0 rd,45.9 wr,"in(64.8, 62.7)",out(121.9)
606,48.7 rd,46.0 wr,"in(64.8, 64.8)",out(122.4)
607,48.7 rd,46.4 wr,"in(64.8, 64.8)",out(123.3)
608,48.7 rd,46.2 wr,"in(64.8, 64.8)",out(122.9)
609,57.7 rd,56.0 wr,"in(64.8, 94.6)",out(154.5)
610,53.4 rd,51.8 wr,"in(64.8, 106.8)",out(166.3)
611,59.1 rd,57.4 wr,"in(64.8, 125.0)",out(184.6)
612,59.1 rd,56.4 wr,"in(64.8, 125.0)",out(181.3)
613,58.3 rd,57.0 wr,"in(64.8, 122.9)",out(183.6)
614,56.3 rd,54.2 wr,"in(64.8, 116.1)",out(174.1)
617,263.1 rd,258.4 wr,"in(64.8, 129.5)",out(190.8)
619,294.1 rd,290.6 wr,"in(64.8, 194.3)",out(256.0)
621,227.0 rd,224.8 wr,"in(16.3, 64.8)",out(80.3)
622,195.9 rd,193.0 wr,"in(64.8, 259.1)",out(318.9)
624,179.2 rd,177.9 wr,"in(0.0, 430.5)",out(427.3)
625,76.6 rd,75.6 wr,"in(64.8, 314.6)",out(374.3)
626,64.3 rd,63.4 wr,"in(64.8, 289.8)",out(349.5)
627,80.3 rd,79.5 wr,"in(64.8, 377.8)",out(438.0)
628,65.2 rd,64.2 wr,"in(64.8, 296.6)",out(355.9)
629,73.2 rd,72.5 wr,"in(64.8, 351.6)",out(412.3)
630,87.3 rd,86.3 wr,"in(64.8, 450.3)",out(509.3)
632,97.7 rd,96.7 wr,"in(64.8, 493.5)",out(552.5)
638,46.3 rd,44.3 wr,"in(64.8, 60.6)",out(120.1)
641,47.8 rd,45.8 wr,"in(64.8, 64.8)",out(124.2)
642,47.8 rd,45.4 wr,"in(64.8, 64.8)",out(122.9)
643,47.4 rd,44.9 wr,"in(64.8, 63.6)",out(121.7)
644,53.9 rd,51.8 wr,"in(64.8, 89.7)",out(148.7)
645,58.0 rd,56.3 wr,"in(64.8, 112.7)",out(172.3)
646,48.0 rd,45.7 wr,"in(64.8, 116.7)",out(172.7)
647,50.1 rd,48.2 wr,"in(64.8, 125.0)",out(182.5)
648,50.3 rd,49.1 wr,"in(64.8, 125.5)",out(185.7)
649,49.7 rd,48.2 wr,"in(64.8, 123.3)",out(182.6)
650,50.2 rd,49.1 wr,"in(64.8, 125.4)",out(185.8)
651,53.5 rd,51.2 wr,"in(64.8, 126.5)",out(182.8)
654,53.1 rd,51.5 wr,"in(64.8, 125.8)",out(184.5)
655,53.0 rd,51.9 wr,"in(64.8, 125.8)",out(186.7)
656,55.7 rd,53.1 wr,"in(64.8, 127.1)",out(183.1)
657,56.2 rd,54.6 wr,"in(77.9, 125.8)",out(197.9)
658,55.0 rd,52.8 wr,"in(64.8, 129.5)",out(186.6)
659,58.2 rd,55.5 wr,"in(64.8, 129.5)",out(185.2)
660,56.2 rd,53.9 wr,"in(64.8, 129.5)",out(186.3)
661,58.2 rd,55.7 wr,"in(64.8, 129.5)",out(185.9)
662,54.3 rd,51.9 wr,"in(64.8, 128.2)",out(184.6)
663,53.9 rd,51.4 wr,"in(64.8, 127.3)",out(183.0)
664,97.1 rd,96.3 wr,"in(696.3, 230.3)",out(918.6)
667,70.6 rd,68.0 wr,"in(64.8, 119.8)",out(177.7)
668,70.5 rd,67.6 wr,"in(64.8, 117.9)",out(175.1)
669,102.6 rd,102.1 wr,"in(0.0, 269.0)",out(267.8)
670,74.4 rd,71.2 wr,"in(64.8, 129.5)",out(186.0)
671,69.9 rd,66.7 wr,"in(64.8, 118.1)",out(174.5)
672,112.5 rd,109.2 wr,"in(64.8, 129.5)",out(188.7)
675,261.2 rd,260.4 wr,"in(64.8, 64.8)",out(129.1)
676,281.6 rd,276.9 wr,"in(64.8, 114.2)",out(176.0)
678,266.5 rd,262.7 wr,"in(48.9, 96.8)",out(143.7)
679,261.3 rd,258.3 wr,"in(64.8, 135.7)",out(198.1)
681,290.5 rd,285.7 wr,"in(64.8, 185.5)",out(246.2)
682,259.4 rd,256.3 wr,"in(64.8, 194.3)",out(256.0)
684,78.8 rd,75.9 wr,"in(64.8, 129.5)",out(187.1)
686,78.8 rd,76.4 wr,"in(64.8, 129.5)",out(188.3)
687,73.9 rd,71.2 wr,"in(64.8, 118.2)",out(176.1)
688,75.5 rd,72.1 wr,"in(64.8, 122.0)",out(178.5)
689,62.9 rd,59.9 wr,"in(64.8, 129.5)",out(184.9)
690,62.9 rd,60.9 wr,"in(64.8, 129.5)",out(187.9)
691,62.9 rd,60.6 wr,"in(64.8, 129.5)",out(187.1)
692,66.6 rd,64.1 wr,"in(64.8, 144.7)",out(201.6)
693,249.4 rd,248.5 wr,"in(0.0, 215.2)",out(214.4)
697,172.3 rd,170.5 wr,"in(590.6, 545.8)",out(1124.9)
700,252.7 rd,249.1 wr,"in(64.8, 90.5)",out(153.1)
702,287.2 rd,284.9 wr,"in(64.8, 111.3)",out(174.7)
703,279.9 rd,275.3 wr,"in(64.8, 129.5)",out(191.2)
705,284.4 rd,279.8 wr,"in(64.8, 129.5)",out(191.1)
707,280.4 rd,276.1 wr,"in(64.8, 129.5)",out(191.3)
708,278.4 rd,276.3 wr,"in(64.8, 129.5)",out(192.8)
710,290.0 rd,285.1 wr,"in(64.8, 145.0)",out(206.3)
711,249.0 rd,245.0 wr,"in(50.5, 129.5)",out(177.1)
713,177.4 rd,175.5 wr,"in(64.8, 194.3)",out(256.3)
715,156.3 rd,155.3 wr,"in(0.0, 376.6)",out(374.2)
716,86.8 rd,85.6 wr,"in(64.8, 194.3)",out(255.5)
717,86.8 rd,85.6 wr,"in(64.8, 194.3)",out(255.5)
718,86.8 rd,85.8 wr,"in(64.8, 194.3)",out(255.9)
719,94.1 rd,93.2 wr,"in(64.8, 225.8)",out(287.9)
720,113.0 rd,112.3 wr,"in(64.8, 323.2)",out(385.5)
725,268.2 rd,265.9 wr,"in(696.2, 232.3)",out(920.7)
729,284.4 rd,280.5 wr,"in(64.8, 129.5)",out(191.6)
731,266.1 rd,262.3 wr,"in(64.8, 153.2)",out(214.8)
733,279.5 rd,273.8 wr,"in(64.8, 176.9)",out(236.8)
734,280.2 rd,275.9 wr,"in(64.8, 211.4)",out(271.8)
736,276.9 rd,272.9 wr,"in(64.8, 252.5)",out(312.7)
738,131.5 rd,129.8 wr,"in(64.8, 256.0)",out(316.8)
740,142.5 rd,141.5 wr,"in(0.0, 430.5)",out(427.3)
741,88.4 rd,87.4 wr,"in(49.1, 282.5)",out(328.1)
742,91.6 rd,90.6 wr,"in(64.8, 303.1)",out(364.0)
743,94.3 rd,93.3 wr,"in(64.8, 325.0)",out(385.4)
744,101.0 rd,100.0 wr,"in(64.7, 385.4)",out(445.7)
745,86.1 rd,85.4 wr,"in(64.8, 320.6)",out(382.0)
749,275.9 rd,274.1 wr,"in(588.7, 223.8)",out(807.0)
752,264.9 rd,262.6 wr,"in(64.8, 194.3)",out(256.9)
754,272.9 rd,268.3 wr,"in(64.8, 229.2)",out(289.0)
756,262.2 rd,257.8 wr,"in(64.8, 235.2)",out(294.9)
758,280.5 rd,276.4 wr,"in(64.8, 289.0)",out(348.6)
760,296.1 rd,291.5 wr,"in(64.8, 299.3)",out(358.4)
762,59.5 rd,56.0 wr,"in(64.8, 64.8)",out(122.0)
764,58.2 rd,54.4 wr,"in(64.8, 61.9)",out(118.4)
765,59.5 rd,56.6 wr,"in(64.8, 64.8)",out(123.2)
766,59.5 rd,56.8 wr,"in(64.8, 64.8)",out(123.8)
767,66.1 rd,62.9 wr,"in(64.8, 109.3)",out(165.7)
768,54.0 rd,52.0 wr,"in(64.8, 118.8)",out(176.7)
769,125.0 rd,124.1 wr,"in(0.0, 430.5)",out(427.3)
770,71.1 rd,70.5 wr,"in(41.8, 230.1)",out(269.6)
771,87.4 rd,86.3 wr,"in(64.8, 379.1)",out(438.2)
772,91.8 rd,90.7 wr,"in(64.8, 406.8)",out(466.0)
773,96.9 rd,96.0 wr,"in(64.8, 444.1)",out(504.0)
777,265.8 rd,264.0 wr,"in(588.7, 247.0)",out(829.9)
781,276.5 rd,272.0 wr,"in(64.8, 255.9)",out(315.4)
783,274.2 rd,269.8 wr,"in(64.8, 259.0)",out(318.6)
785,282.2 rd,277.8 wr,"in(64.8, 259.0)",out(318.8)
787,277.6 rd,273.3 wr,"in(64.8, 304.3)",out(363.5)
789,65.1 rd,61.5 wr,"in(49.7, 55.0)",out(98.8)
791,56.3 rd,53.2 wr,"in(64.8, 64.8)",out(122.3)
792,178.8 rd,177.5 wr,"in(0.0, 430.5)",out(427.3)
793,112.1 rd,110.6 wr,"in(64.8, 318.6)",out(378.3)
794,91.6 rd,90.3 wr,"in(55.2, 309.7)",out(359.6)
795,88.5 rd,87.7 wr,"in(64.8, 353.4)",out(414.5)
796,86.3 rd,85.3 wr,"in(64.8, 363.4)",out(423.2)
797,93.4 rd,92.1 wr,"in(64.8, 403.4)",out(462.1)
798,107.7 rd,106.6 wr,"in(64.8, 530.7)",out(589.6)
803,255.2 rd,253.3 wr,"in(642.5, 191.6)",out(827.8)
807,46.5 rd,45.2 wr,"in(19.7, 35.7)",out(53.9)
808,71.5 rd,68.3 wr,"in(64.8, 109.9)",out(166.8)
809,55.3 rd,53.3 wr,"in(64.8, 108.0)",out(166.6)
810,52.9 rd,50.2 wr,"in(64.8, 101.0)",out(157.2)
811,63.6 rd,60.5 wr,"in(73.5, 125.0)",out(189.1)
812,60.6 rd,57.3 wr,"in(64.8, 125.0)",out(179.6)
813,60.7 rd,58.0 wr,"in(64.8, 125.4)",out(181.7)
814,58.0 rd,54.8 wr,"in(64.8, 116.5)",out(171.2)
815,59.7 rd,57.4 wr,"in(64.8, 122.4)",out(180.0)
816,56.2 rd,54.1 wr,"in(64.8, 111.4)",out(169.6)
817,60.0 rd,57.1 wr,"in(64.8, 123.3)",out(178.9)
820,261.6 rd,257.1 wr,"in(64.8, 194.3)",out(254.6)
822,284.2 rd,280.1 wr,"in(64.8, 248.8)",out(309.0)
824,284.1 rd,280.0 wr,"in(64.8, 244.2)",out(304.5)
826,128.5 rd,126.8 wr,"in(45.9, 189.8)",out(232.6)
828,160.9 rd,159.8 wr,"in(0.0, 430.4)",out(427.3)
829,88.1 rd,87.1 wr,"in(64.8, 323.8)",out(384.2)
830,107.9 rd,106.7 wr,"in(64.8, 424.4)",out(483.5)
831,93.8 rd,92.8 wr,"in(64.8, 388.6)",out(448.5)
832,96.9 rd,96.0 wr,"in(64.8, 414.5)",out(475.0)
833,98.4 rd,97.0 wr,"in(64.8, 423.2)",out(481.3)
838,264.2 rd,262.4 wr,"in(588.7, 244.0)",out(827.0)
841,260.8 rd,257.1 wr,"in(64.8, 194.3)",out(255.5)
843,266.3 rd,261.0 wr,"in(64.8, 201.0)",out(260.5)
845,281.6 rd,277.5 wr,"in(64.8, 259.1)",out(319.2)
847,277.1 rd,272.3 wr,"in(64.8, 259.1)",out(318.2)
849,122.9 rd,121.2 wr,"in(64.8, 304.5)",out(364.3)
851,83.8 rd,80.0 wr,"in(64.8, 123.8)",out(180.0)
852,143.4 rd,142.3 wr,"in(0.0, 430.5)",out(427.3)
853,59.8 rd,57.7 wr,"in(64.8, 123.8)",out(182.1)
854,59.1 rd,56.0 wr,"in(64.8, 121.9)",out(176.8)
855,82.0 rd,77.8 wr,"in(64.8, 129.5)",out(184.5)
856,81.5 rd,80.3 wr,"in(64.8, 385.0)",out(443.4)
857,65.8 rd,63.4 wr,"in(60.1, 129.5)",out(182.7)
858,67.1 rd,63.8 wr,"in(64.8, 129.5)",out(184.6)
860,67.1 rd,63.5 wr,"in(64.8, 129.5)",out(183.9)
861,64.8 rd,62.5 wr,"in(64.8, 122.9)",out(180.9)
862,69.8 rd,68.9 wr,"in(64.8, 384.2)",out(443.0)
863,73.2 rd,72.5 wr,"in(64.8, 447.8)",out(507.7)
864,83.8 rd,83.0 wr,"in(64.8, 548.2)",out(607.2)
869,49.1 rd,46.8 wr,"in(21.6, 56.2)",out(74.2)
872,42.4 rd,40.2 wr,"in(64.8, 59.4)",out(117.7)
873,52.2 rd,49.0 wr,"in(64.8, 97.1)",out(152.0)
874,45.8 rd,43.2 wr,"in(64.8, 124.2)",out(178.3)
875,45.2 rd,43.0 wr,"in(64.8, 121.7)",out(177.4)
876,47.0 rd,44.1 wr,"in(64.8, 129.5)",out(182.4)
877,45.3 rd,42.9 wr,"in(64.8, 122.4)",out(177.5)
878,47.0 rd,44.3 wr,"in(64.8, 129.5)",out(183.0)
879,47.0 rd,44.2 wr,"in(64.8, 129.5)",out(182.6)
880,50.9 rd,48.3 wr,"in(64.8, 148.7)",out(202.5)
881,68.7 rd,65.8 wr,"in(24.3, 64.8)",out(85.4)
882,54.4 rd,51.6 wr,"in(64.8, 171.1)",out(223.9)
884,119.2 rd,118.1 wr,"in(696.3, 243.9)",out(931.9)
886,58.0 rd,55.5 wr,"in(64.8, 172.3)",out(226.7)
887,68.5 rd,65.5 wr,"in(64.8, 176.5)",out(230.6)
888,48.2 rd,45.1 wr,"in(64.8, 109.0)",out(162.8)
889,56.7 rd,53.9 wr,"in(64.8, 137.7)",out(192.6)
890,61.5 rd,58.6 wr,"in(64.8, 181.8)",out(234.6)
891,59.8 rd,56.7 wr,"in(64.8, 180.8)",out(233.1)
892,58.5 rd,56.1 wr,"in(64.8, 179.6)",out(234.4)
893,57.9 rd,54.7 wr,"in(64.8, 177.7)",out(228.8)
895,58.6 rd,55.3 wr,"in(64.8, 180.0)",out(231.1)
896,58.2 rd,55.1 wr,"in(64.8, 178.3)",out(230.1)
897,62.4 rd,59.3 wr,"in(64.8, 180.0)",out(232.4)
900,288.8 rd,284.7 wr,"in(64.8, 124.7)",out(186.8)
902,112.5 rd,111.0 wr,"in(51.3, 112.4)",out(161.5)
903,161.7 rd,160.5 wr,"in(0.0, 430.5)",out(427.3)
904,74.6 rd,73.5 wr,"in(64.8, 249.1)",out(309.2)
905,61.6 rd,61.0 wr,"in(64.8, 194.3)",out(256.4)
906,56.9 rd,56.2 wr,"in(64.8, 195.7)",out(257.1)
907,55.4 rd,54.8 wr,"in(59.4, 194.3)",out(251.1)
908,64.9 rd,63.9 wr,"in(64.8, 259.1)",out(318.7)
909,70.8 rd,69.9 wr,"in(64.8, 297.3)",out(357.4)
910,108.8 rd,107.5 wr,"in(64.8, 251.6)",out(312.6)
915,88.8 rd,87.9 wr,"in(64.8, 443.0)",out(502.7)
921,269.0 rd,266.8 wr,"in(642.5, 302.9)",out(937.7)
925,289.6 rd,284.3 wr,"in(52.1, 129.5)",out(178.3)
926,267.6 rd,263.4 wr,"in(64.8, 194.3)",out(255.0)
928,273.5 rd,270.0 wr,"in(64.8, 194.3)",out(255.7)
930,272.9 rd,266.7 wr,"in(64.8, 194.3)",out(253.2)
932,268.8 rd,265.3 wr,"in(64.8, 234.8)",out(295.6)
934,286.6 rd,281.7 wr,"in(64.8, 243.6)",out(303.2)
936,158.5 rd,157.4 wr,"in(0.0, 430.5)",out(427.3)
937,83.0 rd,82.3 wr,"in(34.0, 192.4)",out(224.3)
938,86.0 rd,84.6 wr,"in(64.8, 253.9)",out(313.4)
939,103.5 rd,102.6 wr,"in(64.8, 321.2)",out(382.6)
940,115.7 rd,114.6 wr,"in(64.8, 438.8)",out(498.8)
941,113.9 rd,112.6 wr,"in(64.8, 453.3)",out(512.1)
949,259.2 rd,257.4 wr,"in(588.7, 268.7)",out(851.4)
953,255.6 rd,251.0 wr,"in(64.8, 163.3)",out(224.0)
955,253.2 rd,248.4 wr,"in(64.8, 227.9)",out(287.1)
957,274.4 rd,269.8 wr,"in(21.7, 77.5)",out(97.6)
958,253.5 rd,249.2 wr,"in(32.1, 119.1)",out(148.6)
960,271.9 rd,268.3 wr,"in(64.8, 287.6)",out(347.7)
962,191.1 rd,187.8 wr,"in(64.8, 303.3)",out(361.9)
964,57.1 rd,56.4 wr,"in(20.3, 153.5)",out(171.6)
965,141.3 rd,140.2 wr,"in(0.0, 430.4)",out(427.3)
966,60.1 rd,56.0 wr,"in(64.8, 129.5)",out(181.0)
967,50.8 rd,47.1 wr,"in(64.8, 99.5)",out(152.1)
968,52.5 rd,48.9 wr,"in(64.8, 123.9)",out(175.6)
969,53.0 rd,50.3 wr,"in(64.8, 125.7)",out(180.6)
973,70.3 rd,69.5 wr,"in(64.8, 353.9)",out(414.2)
974,71.8 rd,71.1 wr,"in(64.8, 384.4)",out(445.0)
975,75.9 rd,75.3 wr,"in(64.8, 437.4)",out(497.9)
976,81.5 rd,80.5 wr,"in(64.8, 483.1)",out(540.8)
977,83.2 rd,82.5 wr,"in(64.8, 388.5)",out(449.4)
983,52.2 rd,49.0 wr,"in(64.8, 101.9)",out(156.4)
986,44.8 rd,42.3 wr,"in(64.8, 129.5)",out(183.3)
987,44.8 rd,42.2 wr,"in(64.8, 129.5)",out(182.8)
988,44.8 rd,42.1 wr,"in(64.8, 129.5)",out(182.3)
989,44.8 rd,41.8 wr,"in(64.8, 129.5)",out(181.0)
990,44.8 rd,41.5 wr,"in(64.8, 129.5)",out(179.9)
991,48.4 rd,45.8 wr,"in(64.8, 150.1)",out(203.3)
992,48.8 rd,47.0 wr,"in(64.8, 152.0)",out(208.6)
993,48.8 rd,46.3 wr,"in(64.8, 152.2)",out(205.7)
994,50.4 rd,47.9 wr,"in(64.8, 161.4)",out(215.0)
995,49.9 rd,47.2 wr,"in(64.8, 159.2)",out(211.6)
996,59.3 rd,56.4 wr,"in(22.7, 64.8)",out(83.2)
998,106.5 rd,105.6 wr,"in(696.3, 194.3)",out(883.0)
1000,53.8 rd,50.5 wr,"in(64.8, 164.1)",out(214.6)
1001,47.3 rd,44.9 wr,"in(64.8, 134.5)",out(188.9)
1002,50.4 rd,47.4 wr,"in(64.8, 164.5)",out(215.7)
1003,48.5 rd,46.0 wr,"in(64.8, 171.2)",out(224.0)
1004,50.9 rd,48.5 wr,"in(64.8, 175.3)",out(228.9)
1005,49.3 rd,46.4 wr,"in(64.8, 175.1)",out(225.6)
1006,48.9 rd,45.9 wr,"in(64.8, 173.0)",out(223.6)
1007,52.5 rd,49.8 wr,"in(64.8, 182.5)",out(234.5)
1008,52.9 rd,50.4 wr,"in(64.8, 184.5)",out(237.2)
1009,52.9 rd,50.3 wr,"in(64.8, 184.6)",out(237.2)
1011,72.3 rd,68.7 wr,"in(64.8, 185.2)",out(237.4)
1014,259.5 rd,255.6 wr,"in(64.7, 161.7)",out(223.1)
1016,62.3 rd,61.7 wr,"in(21.4, 64.8)",out(85.3)
1017,57.8 rd,57.2 wr,"in(28.6, 162.3)",out(189.0)
1018,130.3 rd,129.3 wr,"in(0.0, 430.5)",out(427.3)
1019,50.2 rd,49.6 wr,"in(64.8, 188.3)",out(249.9)
1020,51.7 rd,51.0 wr,"in(64.8, 238.8)",out(299.2)
1021,54.5 rd,53.9 wr,"in(64.7, 255.1)",out(316.2)
1022,55.2 rd,54.4 wr,"in(64.8, 259.0)",out(319.2)
1023,57.7 rd,57.1 wr,"in(64.8, 278.1)",out(339.2)
1024,60.1 rd,59.4 wr,"in(55.7, 315.4)",out(366.9)
1025,69.8 rd,69.1 wr,"in(64.8, 365.9)",out(426.6)
1026,66.6 rd,65.7 wr,"in(64.8, 352.6)",out(411.8)
1034,263.4 rd,261.6 wr,"in(588.7, 259.1)",out(842.0)
1038,258.5 rd,252.7 wr,"in(64.8, 129.5)",out(190.0)
1040,291.5 rd,287.2 wr,"in(64.8, 194.3)",out(255.3)
1042,274.0 rd,271.3 wr,"in(64.8, 190.5)",out(252.8)
1043,286.2 rd,282.2 wr,"in(64.8, 194.3)",out(255.4)
1045,273.7 rd,270.0 wr,"in(56.6, 194.3)",out(247.5)
1047,195.1 rd,192.7 wr,"in(64.8, 302.6)",out(362.7)
1049,135.0 rd,134.0 wr,"in(0.0, 430.5)",out(427.3)
1050,64.9 rd,64.0 wr,"in(29.2, 185.3)",out(211.7)
1051,72.3 rd,67.9 wr,"in(64.8, 116.8)",out(170.7)
1052,74.5 rd,70.1 wr,"in(64.8, 121.2)",out(174.9)
1053,63.1 rd,58.2 wr,"in(64.8, 119.8)",out(170.3)
1054,58.1 rd,54.1 wr,"in(64.8, 121.6)",out(173.4)
1055,80.6 rd,79.7 wr,"in(64.8, 322.8)",out(383.2)
1056,86.7 rd,85.5 wr,"in(64.8, 363.9)",out(423.0)
1057,113.6 rd,112.6 wr,"in(64.8, 541.3)",out(600.6)
1061,265.1 rd,263.3 wr,"in(588.7, 238.0)",out(820.9)
1065,289.8 rd,285.7 wr,"in(64.8, 180.3)",out(241.7)
1066,270.4 rd,266.9 wr,"in(64.8, 249.8)",out(310.5)
1068,278.4 rd,274.9 wr,"in(64.8, 241.2)",out(302.2)
1070,275.5 rd,271.2 wr,"in(64.3, 255.1)",out(314.4)
1072,263.0 rd,260.9 wr,"in(49.2, 259.1)",out(305.8)
1075,146.0 rd,144.9 wr,"in(0.0, 430.5)",out(427.3)
1076,74.2 rd,69.8 wr,"in(64.8, 165.3)",out(216.4)
1077,50.5 rd,47.1 wr,"in(64.8, 129.5)",out(181.0)
1078,49.0 rd,46.9 wr,"in(64.8, 124.0)",out(180.5)
1079,50.4 rd,47.1 wr,"in(64.8, 129.5)",out(181.3)
1080,58.0 rd,54.5 wr,"in(64.8, 163.0)",out(214.3)
1081,78.1 rd,76.9 wr,"in(64.8, 371.2)",out(429.7)
1082,77.3 rd,76.1 wr,"in(64.8, 387.5)",out(445.5)
1083,75.8 rd,75.0 wr,"in(64.8, 378.8)",out(438.9)
1084,84.8 rd,84.0 wr,"in(64.8, 453.4)",out(513.5)
1089,253.2 rd,251.1 wr,"in(642.5, 253.9)",out(889.2)
1093,58.9 rd,55.1 wr,"in(52.6, 118.2)",out(159.7)
1094,47.6 rd,44.2 wr,"in(64.8, 122.0)",out(173.5)
1095,48.0 rd,44.3 wr,"in(64.8, 123.6)",out(174.1)
1096,53.5 rd,50.5 wr,"in(64.8, 148.0)",out(200.6)
1097,54.7 rd,51.5 wr,"in(64.8, 174.9)",out(225.3)
1098,54.3 rd,51.1 wr,"in(64.8, 174.5)",out(224.9)
1099,54.3 rd,51.8 wr,"in(64.8, 176.8)",out(230.4)
1100,51.1 rd,48.0 wr,"in(64.8, 158.8)",out(209.9)
1101,54.6 rd,51.4 wr,"in(64.8, 174.5)",out(224.9)
1102,54.2 rd,50.9 wr,"in(64.8, 172.4)",out(222.9)
1103,57.4 rd,53.5 wr,"in(82.2, 173.1)",out(238.0)
1106,268.4 rd,264.3 wr,"in(64.8, 194.3)",out(255.2)
1108,268.1 rd,264.4 wr,"in(64.8, 228.7)",out(289.5)
1110,283.5 rd,280.0 wr,"in(35.1, 95.2)",out(128.7)
1111,184.5 rd,181.9 wr,"in(64.8, 235.4)",out(296.0)
1113,155.0 rd,153.9 wr,"in(0.0, 430.5)",out(427.3)
1114,81.9 rd,80.6 wr,"in(64.8, 259.1)",out(318.8)
1115,79.5 rd,78.4 wr,"in(64.8, 249.6)",out(310.0)
1116,79.0 rd,77.7 wr,"in(64.8, 247.5)",out(307.3)
1117,90.4 rd,89.6 wr,"in(64.8, 309.4)",out(370.8)
1118,91.9 rd,91.1 wr,"in(64.8, 331.4)",out(392.5)
1127,256.8 rd,254.8 wr,"in(588.7, 335.9)",out(917.7)
1131,267.3 rd,262.6 wr,"in(58.5, 194.2)",out(248.3)
1133,262.6 rd,258.8 wr,"in(64.8, 259.0)",out(319.0)
1135,284.6 rd,279.4 wr,"in(64.8, 259.0)",out(317.9)
1137,280.6 rd,277.0 wr,"in(64.8, 279.9)",out(340.2)
1139,188.2 rd,186.4 wr,"in(64.8, 306.1)",out(367.4)
1141,161.4 rd,160.2 wr,"in(0.0, 430.5)",out(427.3)
1142,77.2 rd,76.6 wr,"in(28.7, 258.2)",out(284.7)
1143,70.4 rd,69.2 wr,"in(53.2, 254.0)",out(302.2)
1144,78.7 rd,77.5 wr,"in(64.8, 323.8)",out(382.4)
1145,77.5 rd,76.6 wr,"in(64.8, 317.9)",out(378.1)
1146,83.0 rd,81.9 wr,"in(64.8, 319.0)",out(378.7)
1148,78.8 rd,77.8 wr,"in(64.8, 297.7)",out(357.5)
1149,95.2 rd,94.3 wr,"in(64.8, 500.4)",out(559.3)
1155,179.8 rd,178.5 wr,"in(642.5, 194.3)",out(830.5)
1159,53.7 rd,49.3 wr,"in(64.8, 84.0)",out(136.6)
1160,58.2 rd,53.6 wr,"in(64.8, 102.1)",out(153.5)
1161,49.9 rd,46.7 wr,"in(58.5, 127.8)",out(174.4)
1162,52.0 rd,48.1 wr,"in(64.8, 129.5)",out(179.8)
1163,56.1 rd,51.8 wr,"in(64.8, 145.2)",out(194.0)
1164,54.0 rd,50.7 wr,"in(64.8, 136.9)",out(189.4)
1165,52.0 rd,48.5 wr,"in(64.8, 129.5)",out(181.3)
1166,59.4 rd,55.4 wr,"in(64.8, 164.4)",out(213.6)
1167,55.9 rd,53.0 wr,"in(64.8, 150.9)",out(204.4)
1168,57.8 rd,54.6 wr,"in(64.8, 158.7)",out(211.3)
1169,59.4 rd,55.3 wr,"in(64.8, 165.1)",out(214.1)
1172,300.7 rd,296.6 wr,"in(64.8, 183.8)",out(245.2)
1173,271.7 rd,265.7 wr,"in(64.8, 194.3)",out(253.3)
1175,270.0 rd,265.6 wr,"in(64.8, 198.2)",out(258.6)
1177,260.7 rd,258.2 wr,"in(7.9, 25.6)",out(33.2)
1178,266.2 rd,262.9 wr,"in(19.3, 64.8)",out(83.0)
1179,131.9 rd,129.8 wr,"in(64.8, 259.0)",out(318.9)
1181,57.8 rd,57.3 wr,"in(29.3, 126.6)",out(154.3)
1182,158.6 rd,157.5 wr,"in(0.0, 430.5)",out(427.3)
1183,105.6 rd,104.5 wr,"in(64.8, 411.5)",out(471.6)
1184,89.8 rd,88.8 wr,"in(61.6, 382.9)",out(439.0)
1185,99.3 rd,98.3 wr,"in(64.8, 496.5)",out(555.1)
1186,122.2 rd,120.8 wr,"in(64.8, 295.6)",out(356.2)
1191,102.2 rd,101.1 wr,"in(64.8, 518.2)",out(577.0)
1195,176.8 rd,175.5 wr,"in(642.5, 194.3)",out(830.5)
1199,44.3 rd,41.7 wr,"in(32.4, 95.4)",out(120.3)
1200,55.6 rd,50.8 wr,"in(64.8, 100.9)",out(151.5)
1201,52.2 rd,48.8 wr,"in(64.8, 149.3)",out(200.3)
1202,57.1 rd,53.1 wr,"in(64.8, 177.4)",out(225.3)
1203,56.1 rd,52.8 wr,"in(64.8, 194.3)",out(243.5)
1204,51.7 rd,48.6 wr,"in(64.8, 174.1)",out(224.5)
1205,52.8 rd,49.3 wr,"in(64.8, 178.9)",out(227.8)
1206,55.8 rd,52.6 wr,"in(64.8, 194.3)",out(243.9)
1207,54.5 rd,51.3 wr,"in(64.8, 189.4)",out(238.9)
1208,54.5 rd,51.9 wr,"in(64.8, 189.1)",out(241.9)
1209,55.6 rd,52.7 wr,"in(64.8, 194.3)",out(245.6)
1213,287.5 rd,283.9 wr,"in(64.8, 142.9)",out(205.1)
1214,276.1 rd,271.4 wr,"in(64.8, 194.3)",out(254.6)
1216,167.9 rd,165.7 wr,"in(64.8, 244.8)",out(305.5)
1218,170.7 rd,169.5 wr,"in(0.0, 430.4)",out(427.3)
1219,66.2 rd,65.7 wr,"in(21.1, 207.6)",out(226.9)
1220,84.2 rd,82.8 wr,"in(64.8, 259.1)",out(318.3)
1221,65.6 rd,64.9 wr,"in(34.6, 219.1)",out(251.2)
1222,72.7 rd,71.6 wr,"in(64.8, 248.1)",out(308.0)
1223,96.5 rd,95.6 wr,"in(64.8, 433.5)",out(493.2)
1224,100.4 rd,99.3 wr,"in(64.8, 453.3)",out(512.8)
1234,255.1 rd,253.2 wr,"in(588.7, 321.4)",out(903.3)
1238,62.8 rd,58.9 wr,"in(48.9, 129.5)",out(167.3)
1239,54.8 rd,51.0 wr,"in(64.8, 173.4)",out(221.6)
1240,54.4 rd,50.7 wr,"in(64.8, 194.3)",out(241.2)
1241,54.4 rd,50.8 wr,"in(64.8, 194.3)",out(241.6)
1242,54.4 rd,50.9 wr,"in(64.8, 194.3)",out(242.1)
1243,53.9 rd,49.7 wr,"in(64.8, 169.6)",out(216.0)
1244,53.8 rd,50.4 wr,"in(59.3, 174.4)",out(218.8)
1245,51.7 rd,48.5 wr,"in(64.7, 181.3)",out(230.9)
1246,49.3 rd,46.8 wr,"in(64.8, 169.7)",out(222.7)
1247,52.3 rd,48.6 wr,"in(64.8, 184.0)",out(231.2)
1248,54.6 rd,51.3 wr,"in(64.8, 194.3)",out(243.7)
1250,138.8 rd,136.8 wr,"in(47.0, 186.4)",out(230.0)
1251,155.6 rd,153.1 wr,"in(64.8, 259.0)",out(318.5)
1254,253.1 rd,249.1 wr,"in(64.8, 148.4)",out(209.8)
1256,157.7 rd,157.6 wr,"in(0.1, 15.5)",out(15.6)
1257,158.5 rd,157.3 wr,"in(0.0, 430.4)",out(427.3)
1258,83.4 rd,81.7 wr,"in(64.8, 176.0)",out(235.8)
1259,58.8 rd,58.0 wr,"in(64.8, 194.3)",out(255.6)
1260,68.6 rd,67.5 wr,"in(64.8, 288.3)",out(347.6)
1261,69.7 rd,68.7 wr,"in(64.8, 323.8)",out(383.4)
1262,83.2 rd,82.4 wr,"in(64.8, 399.4)",out(459.7)
1263,73.5 rd,72.5 wr,"in(64.8, 351.1)",out(410.3)
1264,83.2 rd,82.4 wr,"in(64.8, 428.4)",out(488.2)
1274,148.9 rd,147.7 wr,"in(642.5, 273.1)",out(908.2)
1278,50.2 rd,46.9 wr,"in(64.8, 166.3)",out(216.0)
1279,47.4 rd,44.1 wr,"in(64.8, 182.6)",out(230.2)
1280,49.6 rd,46.1 wr,"in(64.8, 194.3)",out(240.9)
1281,47.4 rd,44.3 wr,"in(64.8, 182.8)",out(231.1)
1282,47.0 rd,43.7 wr,"in(64.8, 180.5)",out(228.1)
1283,47.5 rd,44.0 wr,"in(64.8, 183.1)",out(229.9)
1284,49.0 rd,45.8 wr,"in(64.8, 190.8)",out(238.8)
1285,47.4 rd,44.1 wr,"in(64.8, 182.4)",out(230.0)
1286,50.7 rd,47.3 wr,"in(64.8, 200.6)",out(247.5)
1287,52.2 rd,48.9 wr,"in(64.8, 208.6)",out(255.8)
1288,51.3 rd,48.7 wr,"in(64.8, 203.3)",out(254.3)
1291,242.7 rd,238.8 wr,"in(64.8, 145.7)",out(207.1)
1293,248.7 rd,245.1 wr,"in(64.8, 171.0)",out(232.3)
1295,256.7 rd,253.0 wr,"in(64.8, 194.3)",out(255.3)
1297,132.7 rd,131.8 wr,"in(0.0, 430.5)",out(427.3)
1298,65.7 rd,64.6 wr,"in(64.8, 216.0)",out(275.9)
1299,63.8 rd,63.1 wr,"in(39.7, 269.6)",out(306.0)
1300,66.4 rd,65.0 wr,"in(64.8, 259.1)",out(317.2)
1301,65.0 rd,64.4 wr,"in(64.8, 250.5)",out(312.0)
1302,70.6 rd,69.6 wr,"in(64.8, 282.8)",out(342.6)
1303,69.9 rd,68.9 wr,"in(64.8, 297.1)",out(356.7)
1304,95.4 rd,94.4 wr,"in(64.8, 488.2)",out(547.3)
1314,282.9 rd,280.9 wr,"in(588.7, 285.6)",out(868.0)
1317,247.8 rd,244.5 wr,"in(64.8, 190.6)",out(252.0)
1319,278.3 rd,274.6 wr,"in(64.8, 252.4)",out(312.9)
1321,275.8 rd,273.0 wr,"in(64.8, 248.1)",out(309.8)
1323,281.3 rd,276.9 wr,"in(64.8, 255.6)",out(315.4)
1325,161.3 rd,160.1 wr,"in(0.0, 430.5)",out(427.3)
1327,100.4 rd,98.9 wr,"in(64.8, 265.3)",out(325.3)
1328,56.7 rd,56.2 wr,"in(28.6, 129.6)",out(156.7)
1329,64.8 rd,64.1 wr,"in(36.1, 198.1)",out(231.9)
1330,80.5 rd,79.5 wr,"in(64.8, 316.7)",out(376.8)
1331,68.7 rd,64.8 wr,"in(50.7, 115.1)",out(156.5)
1332,90.7 rd,83.6 wr,"in(64.8, 166.2)",out(212.8)
1333,83.7 rd,82.9 wr,"in(64.8, 470.1)",out(529.7)
1338,61.8 rd,60.8 wr,"in(64.8, 380.3)",out(437.6)
1339,66.3 rd,61.5 wr,"in(64.8, 166.4)",out(214.6)
1342,63.8 rd,59.2 wr,"in(64.8, 172.7)",out(220.4)
1343,65.8 rd,60.4 wr,"in(64.8, 179.9)",out(224.8)
1344,58.3 rd,54.4 wr,"in(64.8, 194.0)",out(241.6)
1345,70.0 rd,64.9 wr,"in(64.8, 172.4)",out(220.2)
1349,71.4 rd,66.4 wr,"in(64.8, 200.3)",out(246.6)
1350,68.5 rd,64.1 wr,"in(64.8, 196.4)",out(244.1)
1351,67.7 rd,62.8 wr,"in(64.8, 194.3)",out(240.1)
1352,67.7 rd,62.6 wr,"in(64.8, 194.3)",out(239.5)
1353,86.0 rd,79.3 wr,"in(64.8, 160.6)",out(207.6)
1355,65.6 rd,64.9 wr,"in(64.8, 536.9)",out(595.7)
1356,98.5 rd,91.2 wr,"in(64.8, 146.9)",out(195.9)
1359,56.2 rd,50.9 wr,"in(64.8, 131.2)",out(177.6)
1361,59.5 rd,55.1 wr,"in(53.0, 155.4)",out(193.1)
1362,54.5 rd,50.7 wr,"in(57.2, 159.2)",out(201.6)
1363,62.5 rd,57.7 wr,"in(64.8, 183.6)",out(229.2)
1364,54.8 rd,50.2 wr,"in(64.8, 153.4)",out(199.8)
1365,70.3 rd,65.3 wr,"in(64.8, 216.4)",out(261.2)
1366,36.4 rd,33.6 wr,"in(49.0, 129.5)",out(164.6)
1367,49.7 rd,46.0 wr,"in(64.8, 179.0)",out(225.5)
1368,51.7 rd,47.8 wr,"in(64.8, 194.3)",out(239.4)
1369,55.2 rd,51.4 wr,"in(64.8, 211.3)",out(257.3)
1370,49.4 rd,46.3 wr,"in(64.8, 194.3)",out(242.6)
1371,58.9 rd,54.8 wr,"in(37.6, 129.5)",out(155.5)
1374,66.3 rd,61.8 wr,"in(64.8, 221.6)",out(267.0)
1375,66.7 rd,62.3 wr,"in(64.8, 227.8)",out(273.4)
1376,64.9 rd,60.9 wr,"in(64.8, 221.3)",out(268.5)
1377,65.5 rd,61.3 wr,"in(64.8, 222.9)",out(269.4)
1378,68.8 rd,64.0 wr,"in(64.8, 198.9)",out(245.3)
1379,63.5 rd,59.2 wr,"in(64.8, 210.9)",out(257.3)
1380,64.0 rd,60.1 wr,"in(64.8, 246.1)",out(291.5)
1381,56.9 rd,53.3 wr,"in(64.8, 240.4)",out(285.8)
1382,66.8 rd,63.1 wr,"in(64.8, 248.7)",out(296.0)
1383,131.0 rd,130.3 wr,"in(0.0, 269.0)",out(267.7)
1385,69.4 rd,64.5 wr,"in(64.8, 220.3)",out(265.0)
1386,40.6 rd,37.5 wr,"in(75.9, 218.2)",out(271.8)
1388,125.3 rd,117.8 wr,"in(64.8, 249.8)",out(295.8)
1389,78.8 rd,78.1 wr,"in(750.1, 220.3)",out(961.2)
1397,315.4 rd,312.9 wr,"in(22.6, 27.2)",out(49.4)
1399,280.3 rd,275.6 wr,"in(57.3, 111.7)",out(166.1)
1400,298.8 rd,295.9 wr,"in(64.8, 129.5)",out(192.4)
1402,299.6 rd,297.1 wr,"in(64.7, 131.0)",out(194.1)
1403,255.7 rd,251.5 wr,"in(64.8, 147.6)",out(208.9)
1405,280.8 rd,277.6 wr,"in(64.8, 182.5)",out(244.4)
1407,280.9 rd,277.8 wr,"in(64.8, 194.3)",out(256.2)
1409,113.1 rd,106.3 wr,"in(64.8, 259.0)",out(304.3)
1410,110.0 rd,103.9 wr,"in(64.7, 257.7)",out(304.6)
1411,71.9 rd,67.6 wr,"in(50.2, 213.6)",out(248.0)
1412,81.7 rd,76.6 wr,"in(64.8, 259.0)",out(303.8)
1413,69.3 rd,64.9 wr,"in(64.8, 223.8)",out(270.3)
1414,68.9 rd,64.8 wr,"in(64.8, 259.0)",out(304.6)
1415,237.0 rd,236.1 wr,"in(0.0, 215.2)",out(214.4)
1419,162.2 rd,160.6 wr,"in(590.6, 557.5)",out(1136.4)
1425,308.8 rd,304.8 wr,"in(64.8, 64.8)",out(127.9)
1426,273.1 rd,270.2 wr,"in(64.8, 129.5)",out(192.2)
1428,274.3 rd,269.7 wr,"in(64.8, 129.5)",out(191.0)
1430,254.7 rd,251.4 wr,"in(64.8, 129.5)",out(191.7)
1431,273.8 rd,269.0 wr,"in(64.8, 129.5)",out(190.9)
1433,280.6 rd,275.8 wr,"in(64.8, 129.5)",out(191.0)
1434,286.4 rd,281.4 wr,"in(64.8, 129.5)",out(190.9)
1436,292.3 rd,288.1 wr,"in(64.8, 148.0)",out(209.7)
1438,136.6 rd,133.7 wr,"in(40.1, 129.5)",out(166.0)
1439,170.8 rd,169.6 wr,"in(0.0, 376.7)",out(374.2)
1440,95.8 rd,94.4 wr,"in(64.8, 192.8)",out(253.9)
1441,94.9 rd,93.4 wr,"in(64.8, 194.3)",out(255.0)
1442,91.3 rd,90.5 wr,"in(64.8, 192.4)",out(254.9)
1443,97.8 rd,96.6 wr,"in(64.8, 209.7)",out(271.0)
1444,106.8 rd,105.9 wr,"in(64.8, 256.2)",out(318.3)
1446,249.5 rd,247.6 wr,"in(642.4, 254.3)",out(889.8)
1450,246.9 rd,244.1 wr,"in(64.8, 76.7)",out(139.8)
1452,269.2 rd,266.3 wr,"in(64.8, 178.9)",out(241.0)
1454,291.5 rd,288.2 wr,"in(64.8, 194.1)",out(255.9)
1456,278.5 rd,275.2 wr,"in(64.8, 203.4)",out(265.1)
1457,292.2 rd,285.9 wr,"in(42.1, 137.5)",out(175.7)
1459,284.8 rd,281.2 wr,"in(38.9, 176.4)",out(212.6)
1461,163.9 rd,162.7 wr,"in(0.0, 430.5)",out(427.3)
1462,98.8 rd,97.4 wr,"in(64.8, 295.4)",out(355.0)
1463,86.2 rd,85.2 wr,"in(64.8, 305.8)",out(366.2)
1464,89.4 rd,88.6 wr,"in(64.8, 319.7)",out(381.1)
1465,93.5 rd,92.6 wr,"in(64.8, 385.3)",out(445.9)
1466,92.1 rd,91.2 wr,"in(64.8, 378.7)",out(439.0)
1471,249.1 rd,247.4 wr,"in(588.7, 225.9)",out(809.0)
1475,274.7 rd,271.2 wr,"in(64.8, 256.4)",out(317.2)
1477,251.3 rd,248.1 wr,"in(64.8, 252.4)",out(313.1)
1479,270.3 rd,266.1 wr,"in(75.5, 257.4)",out(327.7)
1481,257.8 rd,254.1 wr,"in(64.8, 259.0)",out(319.2)
1484,169.7 rd,168.5 wr,"in(0.0, 430.5)",out(427.3)
1485,101.2 rd,99.7 wr,"in(64.8, 285.8)",out(345.3)
1486,88.1 rd,87.4 wr,"in(28.0, 272.7)",out(298.2)
1487,89.1 rd,88.0 wr,"in(64.8, 309.5)",out(369.7)
1488,49.7 rd,45.4 wr,"in(39.1, 108.5)",out(134.8)
1489,77.4 rd,76.7 wr,"in(64.8, 445.9)",out(505.6)
1498,61.4 rd,57.2 wr,"in(64.8, 194.3)",out(241.0)
1499,61.4 rd,57.0 wr,"in(64.8, 194.3)",out(240.5)
1500,67.4 rd,66.8 wr,"in(57.7, 448.6)",out(502.0)
1501,64.1 rd,59.7 wr,"in(64.8, 205.7)",out(251.7)
1502,52.9 rd,49.0 wr,"in(64.8, 163.9)",out(212.0)
1506,52.9 rd,49.2 wr,"in(64.8, 173.5)",out(221.4)
1507,80.7 rd,73.7 wr,"in(64.8, 166.5)",out(211.2)
1508,51.5 rd,48.2 wr,"in(64.8, 206.9)",out(253.8)
1509,54.1 rd,50.2 wr,"in(64.8, 224.4)",out(268.0)
1511,50.1 rd,46.4 wr,"in(64.8, 218.9)",out(262.8)
1513,135.2 rd,124.4 wr,"in(64.8, 160.6)",out(207.3)
1514,141.0 rd,133.0 wr,"in(64.8, 232.5)",out(280.4)
1517,76.7 rd,71.3 wr,"in(64.8, 238.9)",out(282.1)
1518,72.2 rd,67.4 wr,"in(64.8, 257.8)",out(301.0)
1519,69.7 rd,65.2 wr,"in(64.8, 280.7)",out(323.6)
1520,59.6 rd,55.9 wr,"in(56.4, 245.6)",out(283.0)
1521,59.7 rd,55.7 wr,"in(64.8, 242.1)",out(286.6)
1522,54.1 rd,50.8 wr,"in(64.8, 259.0)",out(304.3)
1523,46.2 rd,43.0 wr,"in(64.8, 216.0)",out(261.2)
1524,59.8 rd,56.3 wr,"in(64.8, 287.7)",out(332.1)
1525,56.8 rd,53.2 wr,"in(64.8, 283.6)",out(326.1)
1526,51.5 rd,48.2 wr,"in(64.8, 259.0)",out(303.0)
1527,46.2 rd,43.4 wr,"in(68.7, 264.5)",out(312.6)
1528,70.1 rd,65.8 wr,"in(42.4, 194.3)",out(222.1)
1531,105.4 rd,105.0 wr,"in(0.0, 215.2)",out(214.4)
1532,80.6 rd,75.7 wr,"in(64.8, 289.2)",out(332.5)
1533,69.6 rd,65.7 wr,"in(45.3, 208.7)",out(239.6)
1535,91.6 rd,85.9 wr,"in(64.8, 301.3)",out(343.0)
1536,86.7 rd,81.4 wr,"in(64.8, 283.0)",out(326.9)
1537,89.8 rd,84.3 wr,"in(64.8, 301.0)",out(343.3)
1538,79.7 rd,75.4 wr,"in(64.8, 300.7)",out(345.6)
1539,57.8 rd,54.2 wr,"in(64.8, 294.9)",out(337.5)
1540,56.5 rd,53.0 wr,"in(64.8, 289.7)",out(332.4)
1542,88.0 rd,87.1 wr,"in(803.9, 259.1)",out(1051.7)
1560,294.2 rd,289.5 wr,"in(64.8, 95.9)",out(158.1)
1561,278.2 rd,274.8 wr,"in(64.8, 111.0)",out(173.5)
1563,305.1 rd,299.7 wr,"in(64.8, 129.5)",out(190.8)
1564,254.3 rd,250.4 wr,"in(27.6, 57.0)",out(83.4)
1566,295.0 rd,292.8 wr,"in(64.8, 136.6)",out(199.9)
1567,136.4 rd,134.0 wr,"in(64.8, 147.0)",out(208.0)
1569,216.7 rd,215.3 wr,"in(0.0, 376.7)",out(374.2)
1570,54.5 rd,54.0 wr,"in(46.8, 136.6)",out(181.6)
1571,63.4 rd,62.6 wr,"in(64.8, 156.9)",out(218.7)
1572,65.1 rd,64.1 wr,"in(64.8, 194.3)",out(254.9)
1573,64.8 rd,64.1 wr,"in(64.8, 194.3)",out(256.0)
1574,63.6 rd,62.9 wr,"in(64.7, 194.3)",out(256.0)
1575,79.6 rd,78.8 wr,"in(64.8, 259.1)",out(320.6)
1576,75.1 rd,74.3 wr,"in(64.8, 259.0)",out(320.0)
1583,214.9 rd,212.8 wr,"in(750.0, 264.8)",out(1005.2)
1587,24.5 rd,23.5 wr,"in(18.6, 64.8)",out(79.9)
1588,54.8 rd,50.9 wr,"in(64.8, 215.0)",out(259.7)
1589,58.7 rd,55.0 wr,"in(61.3, 244.1)",out(285.9)
1590,59.3 rd,55.0 wr,"in(64.8, 243.5)",out(286.2)
1591,65.6 rd,64.4 wr,"in(64.8, 122.0)",out(183.3)
1592,65.1 rd,61.3 wr,"in(64.8, 313.5)",out(356.5)
1593,93.7 rd,91.3 wr,"in(64.8, 129.5)",out(189.3)
1594,63.3 rd,59.8 wr,"in(64.8, 332.5)",out(375.2)
1595,53.5 rd,50.2 wr,"in(64.8, 285.1)",out(327.8)
1596,30.4 rd,28.4 wr,"in(38.0, 167.3)",out(191.9)
1597,55.6 rd,52.5 wr,"in(64.8, 311.4)",out(354.7)
1599,47.5 rd,44.5 wr,"in(64.8, 259.0)",out(303.1)
1601,52.6 rd,49.9 wr,"in(64.8, 322.0)",out(366.5)
1605,68.7 rd,67.9 wr,"in(9.2, 52.1)",out(60.5)
1606,180.6 rd,179.3 wr,"in(0.0, 430.5)",out(427.3)
1607,62.4 rd,61.6 wr,"in(64.8, 89.1)",out(152.0)
1608,63.0 rd,62.2 wr,"in(64.8, 129.5)",out(191.8)
1609,63.0 rd,62.4 wr,"in(64.8, 129.5)",out(192.4)
1610,74.9 rd,73.9 wr,"in(64.7, 194.3)",out(255.8)
1611,91.1 rd,90.3 wr,"in(73.3, 257.6)",out(328.0)
1612,82.6 rd,81.7 wr,"in(80.7, 256.0)",out(332.9)
1613,91.4 rd,90.4 wr,"in(64.7, 309.4)",out(370.1)
1614,88.6 rd,87.7 wr,"in(64.8, 298.9)",out(359.9)
1621,275.5 rd,273.8 wr,"in(534.9, 323.9)",out(853.3)
1624,308.4 rd,305.7 wr,"in(64.8, 152.5)",out(215.3)
1626,297.6 rd,292.6 wr,"in(64.8, 158.2)",out(219.2)
1628,274.9 rd,272.1 wr,"in(64.8, 208.0)",out(270.0)
1629,279.9 rd,275.9 wr,"in(64.8, 214.0)",out(274.8)
1631,252.8 rd,250.5 wr,"in(64.8, 245.2)",out(307.2)
1633,161.7 rd,160.5 wr,"in(0.0, 430.5)",out(427.3)
1635,99.8 rd,98.8 wr,"in(64.7, 254.1)",out(315.7)
1636,92.2 rd,91.1 wr,"in(64.7, 279.0)",out(339.6)
1637,101.3 rd,100.3 wr,"in(64.8, 320.3)",out(381.4)
1638,100.4 rd,99.3 wr,"in(64.8, 359.9)",out(420.0)
1639,113.0 rd,112.0 wr,"in(64.8, 434.8)",out(495.1)
1643,261.4 rd,259.7 wr,"in(588.7, 205.6)",out(789.0)
1647,249.7 rd,245.8 wr,"in(64.7, 203.4)",out(263.9)
1649,269.2 rd,265.1 wr,"in(55.5, 183.3)",out(235.2)
1651,268.8 rd,264.7 wr,"in(64.8, 255.8)",out(315.7)
1653,284.0 rd,280.1 wr,"in(64.8, 259.1)",out(319.4)
1655,294.5 rd,290.8 wr,"in(37.0, 175.9)",out(210.2)
1656,98.4 rd,97.3 wr,"in(48.8, 274.8)",out(320.0)
1658,157.9 rd,156.8 wr,"in(0.0, 430.5)",out(427.3)
1659,79.7 rd,72.2 wr,"in(64.8, 156.3)",out(200.2)
1660,62.8 rd,57.9 wr,"in(60.0, 194.3)",out(234.4)
1661,92.7 rd,91.9 wr,"in(64.8, 416.3)",out(476.7)
1662,78.0 rd,77.1 wr,"in(64.8, 380.5)",out(439.8)
1663,80.3 rd,79.4 wr,"in(64.8, 393.4)",out(453.3)
1664,60.4 rd,56.2 wr,"in(10.9, 45.6)",out(52.5)
1676,77.5 rd,76.8 wr,"in(64.8, 464.7)",out(524.6)
1677,62.6 rd,57.8 wr,"in(52.9, 207.1)",out(240.1)
1678,73.8 rd,68.8 wr,"in(64.8, 265.0)",out(307.4)
1679,86.7 rd,80.9 wr,"in(64.8, 278.2)",out(320.1)
1680,61.0 rd,55.6 wr,"in(64.8, 176.2)",out(219.7)
1681,44.6 rd,41.1 wr,"in(64.8, 214.6)",out(257.6)
1683,58.4 rd,54.6 wr,"in(64.8, 276.4)",out(318.9)
1684,42.2 rd,39.0 wr,"in(64.8, 247.8)",out(289.0)
1685,25.8 rd,23.3 wr,"in(64.8, 129.5)",out(175.3)
1686,47.8 rd,44.3 wr,"in(64.8, 259.0)",out(300.2)
1688,31.4 rd,29.1 wr,"in(64.8, 258.8)",out(300.2)
1689,85.7 rd,79.9 wr,"in(64.8, 292.5)",out(333.0)
1690,84.5 rd,79.5 wr,"in(64.7, 291.5)",out(335.0)
1693,29.9 rd,27.7 wr,"in(64.8, 259.0)",out(299.6)
1694,77.6 rd,77.0 wr,"in(642.5, 194.3)",out(830.4)
1695,29.5 rd,26.8 wr,"in(64.8, 194.3)",out(235.6)
1697,83.8 rd,83.4 wr,"in(0.0, 269.0)",out(267.8)
1698,42.0 rd,39.2 wr,"in(64.8, 286.6)",out(328.0)
1699,43.3 rd,40.2 wr,"in(64.8, 254.2)",out(296.0)
1700,41.0 rd,38.3 wr,"in(64.8, 282.9)",out(324.5)
1702,155.7 rd,153.9 wr,"in(64.8, 129.5)",out(192.1)
1703,97.9 rd,92.3 wr,"in(64.7, 304.3)",out(347.8)
1705,39.4 rd,36.3 wr,"in(64.8, 222.7)",out(265.1)
1707,48.9 rd,45.7 wr,"in(64.8, 289.5)",out(330.9)
1708,71.0 rd,66.7 wr,"in(64.8, 301.7)",out(344.4)
1709,39.6 rd,36.9 wr,"in(64.8, 289.0)",out(329.9)
1711,64.3 rd,60.1 wr,"in(64.8, 293.2)",out(335.1)
1715,286.9 rd,283.9 wr,"in(64.8, 154.4)",out(216.8)
1716,291.8 rd,287.0 wr,"in(64.8, 161.0)",out(222.0)
1718,300.7 rd,297.5 wr,"in(64.8, 194.3)",out(256.3)
1720,63.3 rd,62.5 wr,"in(40.3, 129.5)",out(167.6)
1721,140.3 rd,139.3 wr,"in(0.0, 376.7)",out(374.2)
1722,94.9 rd,94.0 wr,"in(42.0, 274.1)",out(313.3)
1723,87.5 rd,86.8 wr,"in(64.8, 235.2)",out(297.4)
1724,100.7 rd,99.5 wr,"in(64.8, 280.5)",out(340.9)
1725,85.0 rd,83.9 wr,"in(64.8, 241.8)",out(302.7)
1726,101.1 rd,100.0 wr,"in(64.8, 310.2)",out(371.2)
1734,269.4 rd,266.9 wr,"in(749.5, 229.9)",out(970.7)
1739,282.6 rd,279.3 wr,"in(64.8, 129.5)",out(192.0)
1740,288.1 rd,284.2 wr,"in(64.8, 156.1)",out(217.9)
1742,291.2 rd,287.2 wr,"in(64.8, 194.3)",out(255.5)
1744,290.2 rd,285.3 wr,"in(64.8, 202.9)",out(263.1)
1745,263.1 rd,258.7 wr,"in(64.7, 211.1)",out(271.2)
1747,104.7 rd,103.3 wr,"in(57.1, 215.0)",out(268.5)
1749,63.0 rd,61.9 wr,"in(33.5, 129.5)",out(160.4)
1750,114.8 rd,113.9 wr,"in(0.0, 430.5)",out(427.3)
1751,58.8 rd,58.1 wr,"in(38.1, 183.7)",out(219.1)
1752,78.0 rd,76.8 wr,"in(64.8, 282.5)",out(342.0)
1753,79.3 rd,78.4 wr,"in(64.7, 309.6)",out(370.2)
1754,79.2 rd,78.4 wr,"in(64.8, 321.1)",out(381.9)
1755,81.9 rd,81.1 wr,"in(64.8, 344.6)",out(405.3)
1756,86.1 rd,85.0 wr,"in(64.7, 367.4)",out(427.0)
1760,244.6 rd,243.3 wr,"in(534.9, 194.3)",out(725.2)
1763,83.8 rd,76.0 wr,"in(64.8, 174.3)",out(216.6)
1764,91.0 rd,84.1 wr,"in(64.8, 259.0)",out(299.2)
1765,87.0 rd,80.3 wr,"in(64.8, 259.0)",out(298.8)
1766,87.9 rd,86.6 wr,"in(64.8, 209.2)",out(269.7)
1767,40.1 rd,36.7 wr,"in(61.2, 201.6)",out(240.3)
1768,63.1 rd,62.7 wr,"in(14.2, 129.5)",out(142.7)
1769,47.9 rd,44.3 wr,"in(64.8, 259.0)",out(299.0)
1770,43.1 rd,39.6 wr,"in(64.8, 234.2)",out(274.6)
1771,31.6 rd,28.8 wr,"in(53.3, 180.5)",out(213.3)
1772,30.5 rd,28.3 wr,"in(46.3, 182.8)",out(212.5)
1773,85.9 rd,85.0 wr,"in(64.8, 327.9)",out(388.4)
1775,88.9 rd,87.9 wr,"in(64.8, 269.7)",out(330.9)
1777,34.2 rd,31.4 wr,"in(64.8, 242.6)",out(282.4)
1778,30.5 rd,28.0 wr,"in(64.8, 239.4)",out(279.2)
1780,115.8 rd,115.0 wr,"in(0.0, 376.6)",out(374.2)
1781,88.1 rd,87.5 wr,"in(12.9, 137.2)",out(149.2)
1783,83.6 rd,82.9 wr,"in(64.8, 500.1)",out(559.8)
1784,28.8 rd,26.5 wr,"in(64.8, 259.0)",out(298.7)
1787,101.7 rd,100.2 wr,"in(64.8, 222.0)",out(282.6)
1788,98.2 rd,96.8 wr,"in(64.8, 220.4)",out(281.0)
1792,99.2 rd,98.3 wr,"in(64.8, 438.6)",out(498.8)
1795,259.3 rd,257.2 wr,"in(589.4, 244.7)",out(827.5)
1799,268.5 rd,264.7 wr,"in(64.7, 194.3)",out(255.4)
1800,86.2 rd,84.8 wr,"in(25.9, 89.6)",out(113.6)
1802,130.8 rd,129.2 wr,"in(64.8, 200.6)",out(262.2)
1803,98.6 rd,97.2 wr,"in(64.7, 218.8)",out(279.7)
1804,94.9 rd,93.6 wr,"in(64.7, 251.1)",out(311.4)
1805,107.0 rd,106.1 wr,"in(42.1, 342.9)",out(381.7)
1806,149.7 rd,148.9 wr,"in(0.0, 322.8)",out(321.0)
1807,98.0 rd,97.0 wr,"in(64.8, 495.1)",out(554.3)
1816,98.6 rd,97.7 wr,"in(64.8, 498.8)",out(558.1)
1818,78.4 rd,77.4 wr,"in(64.8, 350.6)",out(410.4)
1820,98.3 rd,97.4 wr,"in(64.8, 512.5)",out(571.7)
1825,77.2 rd,71.1 wr,"in(64.8, 259.0)",out(298.1)
1826,70.2 rd,65.0 wr,"in(64.8, 255.8)",out(296.6)
1827,67.7 rd,62.5 wr,"in(64.8, 265.1)",out(304.6)
1828,42.1 rd,38.8 wr,"in(64.8, 245.7)",out(286.0)
1829,43.0 rd,39.6 wr,"in(64.8, 259.0)",out(297.9)
1831,41.4 rd,37.7 wr,"in(54.7, 174.8)",out(209.0)
1832,37.3 rd,34.5 wr,"in(64.8, 263.3)",out(303.6)
1833,29.7 rd,27.4 wr,"in(64.8, 259.0)",out(298.8)
1834,54.3 rd,50.1 wr,"in(64.8, 267.7)",out(306.6)
1835,27.5 rd,25.3 wr,"in(64.8, 240.1)",out(280.2)
1838,42.2 rd,38.9 wr,"in(64.8, 259.0)",out(298.4)
1839,79.4 rd,73.4 wr,"in(64.8, 269.7)",out(309.4)
1841,88.2 rd,87.5 wr,"in(536.2, 241.5)",out(771.8)
1842,50.5 rd,47.1 wr,"in(64.7, 272.4)",out(314.1)
1844,26.0 rd,24.0 wr,"in(64.8, 259.0)",out(298.8)
1846,176.0 rd,175.2 wr,"in(0.0, 269.0)",out(267.8)
1847,156.1 rd,144.9 wr,"in(64.8, 281.4)",out(321.4)
1849,25.5 rd,23.6 wr,"in(64.8, 275.9)",out(315.5)
1850,62.7 rd,58.1 wr,"in(64.8, 278.6)",out(318.1)
1852,59.0 rd,54.8 wr,"in(64.8, 279.6)",out(319.4)
1853,45.8 rd,42.6 wr,"in(64.8, 276.8)",out(317.3)
1855,64.1 rd,59.6 wr,"in(64.8, 282.1)",out(322.7)
1856,76.7 rd,71.4 wr,"in(64.8, 295.8)",out(335.4)
1857,72.8 rd,67.6 wr,"in(64.8, 303.0)",out(341.6)
1862,245.2 rd,242.2 wr,"in(64.8, 138.9)",out(201.1)
1864,272.2 rd,269.3 wr,"in(64.8, 181.2)",out(243.4)
1866,78.7 rd,77.9 wr,"in(15.3, 55.7)",out(70.3)
1867,88.5 rd,87.4 wr,"in(58.6, 194.2)",out(249.5)
1868,148.4 rd,147.4 wr,"in(0.0, 376.7)",out(374.2)
1869,83.9 rd,82.7 wr,"in(64.8, 230.5)",out(291.2)
1870,90.9 rd,90.2 wr,"in(50.3, 275.3)",out(323.1)
1871,91.6 rd,90.5 wr,"in(64.7, 272.2)",out(332.9)
1872,93.9 rd,92.7 wr,"in(64.8, 299.0)",out(359.3)
1873,98.3 rd,97.5 wr,"in(64.8, 323.8)",out(385.4)
1880,249.8 rd,247.5 wr,"in(749.5, 259.1)",out(999.3)
1885,102.6 rd,100.6 wr,"in(64.8, 181.9)",out(241.9)
1886,122.8 rd,121.2 wr,"in(64.7, 194.3)",out(255.6)
1887,49.2 rd,45.4 wr,"in(49.1, 202.6)",out(232.2)
1888,52.3 rd,48.5 wr,"in(64.7, 286.9)",out(326.1)
1889,49.9 rd,46.2 wr,"in(64.8, 273.1)",out(312.6)
1890,44.5 rd,41.5 wr,"in(64.8, 324.4)",out(363.7)
1891,81.3 rd,80.6 wr,"in(64.8, 113.8)",out(177.2)
1892,43.1 rd,40.2 wr,"in(64.8, 323.8)",out(362.4)
1893,69.3 rd,68.5 wr,"in(64.8, 235.8)",out(297.1)
1894,88.5 rd,87.1 wr,"in(64.8, 242.5)",out(302.7)
1895,117.5 rd,116.8 wr,"in(3.9, 70.3)",out(73.8)
1896,31.8 rd,29.6 wr,"in(51.1, 261.4)",out(291.3)
1898,38.3 rd,35.6 wr,"in(64.8, 314.1)",out(352.6)
1901,37.9 rd,35.2 wr,"in(64.8, 323.8)",out(361.6)
1903,86.6 rd,85.4 wr,"in(64.8, 245.6)",out(306.3)
1905,30.9 rd,28.4 wr,"in(64.8, 259.0)",out(297.4)
1906,36.6 rd,34.2 wr,"in(64.8, 319.0)",out(358.0)
1908,153.9 rd,152.6 wr,"in(0.0, 538.1)",out(533.3)
1909,29.8 rd,27.8 wr,"in(64.8, 323.8)",out(361.6)
1910,74.4 rd,73.8 wr,"in(64.8, 250.9)",out(313.1)
1911,66.8 rd,66.0 wr,"in(64.8, 134.1)",out(196.5)
1912,83.3 rd,82.0 wr,"in(64.7, 292.4)",out(351.7)
1917,81.1 rd,80.2 wr,"in(64.7, 259.1)",out(320.3)
1919,79.6 rd,78.9 wr,"in(64.8, 194.3)",out(256.5)
1921,98.0 rd,97.0 wr,"in(64.8, 271.8)",out(333.0)
1925,288.9 rd,286.9 wr,"in(694.7, 218.2)",out(906.8)
1928,308.8 rd,305.3 wr,"in(64.8, 153.7)",out(216.0)
1930,321.1 rd,317.2 wr,"in(64.8, 191.4)",out(253.1)
1932,69.3 rd,68.1 wr,"in(64.8, 194.3)",out(254.5)
1933,158.3 rd,157.4 wr,"in(0.0, 322.8)",out(321.0)
1934,81.2 rd,80.2 wr,"in(64.8, 242.0)",out(303.2)
1935,75.8 rd,75.0 wr,"in(58.2, 251.3)",out(306.4)
1936,68.8 rd,67.9 wr,"in(64.8, 237.9)",out(298.6)
1937,73.5 rd,72.7 wr,"in(64.8, 259.1)",out(320.1)
1939,78.2 rd,77.4 wr,"in(60.3, 324.3)",out(381.1)
1943,82.0 rd,81.1 wr,"in(64.8, 348.6)",out(409.1)
1950,133.3 rd,131.8 wr,"in(64.8, 380.2)",out(439.9)
1955,39.2 rd,36.6 wr,"in(22.3, 104.6)",out(118.3)
1957,44.9 rd,40.9 wr,"in(48.9, 170.7)",out(199.8)
1958,33.1 rd,30.7 wr,"in(27.8, 129.5)",out(146.0)
1959,41.6 rd,38.3 wr,"in(47.0, 189.7)",out(217.5)
1960,41.7 rd,38.3 wr,"in(64.8, 259.0)",out(297.1)
1961,41.1 rd,37.6 wr,"in(64.8, 259.0)",out(296.8)
1962,37.3 rd,34.2 wr,"in(64.8, 251.7)",out(290.7)
1964,41.3 rd,38.1 wr,"in(64.8, 278.6)",out(316.4)
1965,123.8 rd,122.9 wr,"in(536.2, 270.1)",out(800.1)
1966,34.2 rd,31.5 wr,"in(64.8, 268.3)",out(306.1)
1968,39.6 rd,36.5 wr,"in(70.9, 310.4)",out(351.7)
1970,31.1 rd,28.6 wr,"in(64.8, 262.8)",out(301.6)
1972,132.7 rd,131.3 wr,"in(64.8, 159.2)",out(221.8)
1974,181.6 rd,178.4 wr,"in(56.1, 234.6)",out(285.4)
1975,85.3 rd,79.3 wr,"in(64.8, 312.8)",out(350.9)
1976,37.4 rd,34.2 wr,"in(64.8, 234.9)",out(273.4)
1978,49.5 rd,45.9 wr,"in(64.8, 304.6)",out(342.3)
1979,44.3 rd,41.0 wr,"in(64.8, 295.5)",out(333.6)
1981,45.1 rd,41.9 wr,"in(64.8, 306.6)",out(345.3)
1982,46.2 rd,43.2 wr,"in(39.6, 196.5)",out(220.6)
1984,61.2 rd,56.7 wr,"in(64.8, 290.7)",out(329.7)
1985,132.7 rd,131.7 wr,"in(0.0, 430.5)",out(427.3)
1989,94.3 rd,93.2 wr,"in(64.8, 244.2)",out(305.5)
1990,80.4 rd,79.4 wr,"in(64.8, 222.1)",out(283.6)
1991,39.5 rd,36.7 wr,"in(64.8, 316.7)",out(353.8)
1992,74.7 rd,73.8 wr,"in(72.2, 206.6)",out(275.3)
1993,109.2 rd,108.3 wr,"in(64.8, 420.7)",out(481.5)
1996,119.6 rd,118.4 wr,"in(64.8, 388.5)",out(448.6)
2005,280.6 rd,278.5 wr,"in(588.7, 347.9)",out(929.5)
2009,266.8 rd,264.4 wr,"in(10.8, 7.8)",out(18.4)
2010,274.4 rd,270.2 wr,"in(64.8, 129.5)",out(191.3)
2012,290.2 rd,286.6 wr,"in(64.8, 180.8)",out(242.6)
2014,94.3 rd,93.0 wr,"in(64.7, 192.6)",out(253.6)
2015,71.2 rd,70.0 wr,"in(64.8, 194.3)",out(254.9)
2016,159.1 rd,158.1 wr,"in(0.0, 322.8)",out(321.0)
2017,81.2 rd,79.8 wr,"in(64.8, 280.8)",out(339.6)
2018,86.8 rd,85.9 wr,"in(64.8, 305.5)",out(366.3)
2019,83.2 rd,82.2 wr,"in(64.8, 323.0)",out(383.4)
2020,77.1 rd,76.2 wr,"in(64.8, 303.3)",out(364.1)
2024,79.4 rd,78.7 wr,"in(64.8, 369.6)",out(430.3)
2026,96.4 rd,95.0 wr,"in(64.8, 253.6)",out(313.7)
2035,59.0 rd,54.7 wr,"in(39.7, 169.3)",out(193.7)
2037,42.4 rd,37.8 wr,"in(64.8, 169.2)",out(208.6)
2038,64.1 rd,58.3 wr,"in(64.8, 214.4)",out(253.7)
2039,35.1 rd,31.5 wr,"in(64.8, 194.3)",out(233.0)
2040,35.3 rd,32.0 wr,"in(64.8, 223.1)",out(260.9)
2041,113.6 rd,112.8 wr,"in(482.4, 271.0)",out(748.2)
2042,40.5 rd,37.5 wr,"in(64.8, 303.6)",out(340.9)
2044,122.5 rd,120.8 wr,"in(64.8, 167.5)",out(229.1)
2045,28.4 rd,26.0 wr,"in(64.8, 259.0)",out(296.9)
2046,26.6 rd,24.2 wr,"in(64.8, 234.4)",out(272.0)
2048,103.1 rd,96.0 wr,"in(64.8, 329.8)",out(367.3)
2049,30.6 rd,28.2 wr,"in(64.8, 296.0)",out(332.5)
2051,25.0 rd,23.1 wr,"in(52.9, 259.0)",out(288.4)
2054,93.4 rd,92.1 wr,"in(27.9, 106.1)",out(132.1)
2055,83.9 rd,82.8 wr,"in(64.8, 218.8)",out(279.7)
2057,27.5 rd,25.5 wr,"in(30.7, 153.5)",out(171.1)
2058,29.3 rd,27.1 wr,"in(64.8, 323.8)",out(359.8)
2059,117.3 rd,116.2 wr,"in(52.9, 323.1)",out(372.5)
2061,112.0 rd,110.9 wr,"in(64.7, 351.3)",out(411.8)
2063,85.1 rd,83.9 wr,"in(64.7, 129.5)",out(191.6)
2064,68.5 rd,68.1 wr,"in(20.0, 189.1)",out(207.6)
2065,24.3 rd,22.5 wr,"in(52.4, 259.0)",out(288.1)
2068,105.9 rd,105.1 wr,"in(0.0, 430.5)",out(427.3)
2069,93.1 rd,92.0 wr,"in(64.8, 340.3)",out(400.4)
2070,113.4 rd,111.7 wr,"in(64.7, 266.2)",out(326.0)
2071,29.5 rd,27.3 wr,"in(64.8, 323.8)",out(359.8)
2076,132.6 rd,131.6 wr,"in(64.7, 447.7)",out(508.7)
2077,32.5 rd,30.3 wr,"in(64.8, 327.8)",out(365.6)
2081,154.6 rd,153.4 wr,"in(642.5, 194.2)",out(830.4)
2085,56.5 rd,51.1 wr,"in(64.8, 222.2)",out(259.6)
2086,84.3 rd,83.1 wr,"in(64.7, 194.3)",out(255.4)
2087,59.0 rd,54.5 wr,"in(64.8, 299.9)",out(337.1)
2088,51.5 rd,47.9 wr,"in(64.7, 348.1)",out(384.0)
2089,87.6 rd,86.4 wr,"in(62.0, 230.8)",out(288.8)
2090,34.5 rd,31.5 wr,"in(64.8, 230.2)",out(269.1)
2091,36.9 rd,33.9 wr,"in(64.8, 259.0)",out(297.1)
2092,65.1 rd,64.6 wr,"in(30.3, 126.8)",out(155.9)
2093,45.3 rd,42.2 wr,"in(64.8, 346.6)",out(383.0)
2094,88.7 rd,87.8 wr,"in(64.7, 257.7)",out(318.9)
2095,41.4 rd,38.4 wr,"in(64.8, 325.7)",out(362.8)
2098,33.3 rd,30.7 wr,"in(64.8, 299.0)",out(335.1)
2100,26.3 rd,24.0 wr,"in(64.8, 259.0)",out(295.6)
2101,116.0 rd,115.2 wr,"in(0.0, 430.5)",out(427.3)
2103,104.5 rd,103.6 wr,"in(64.8, 401.2)",out(461.9)
2105,68.5 rd,67.8 wr,"in(25.7, 113.5)",out(137.7)
2106,29.9 rd,28.0 wr,"in(67.3, 351.3)",out(391.3)
2113,96.7 rd,95.8 wr,"in(64.8, 388.2)",out(448.5)
2119,27.1 rd,25.1 wr,"in(64.8, 317.6)",out(354.7)
2120,106.7 rd,105.3 wr,"in(64.8, 288.8)",out(348.8)
2124,168.3 rd,166.7 wr,"in(64.8, 326.1)",out(387.0)
2129,70.9 rd,65.3 wr,"in(8.2, 35.4)",out(40.2)
2132,69.6 rd,65.2 wr,"in(34.9, 205.9)",out(225.7)
2133,136.3 rd,135.1 wr,"in(696.3, 323.9)",out(1010.8)
2134,47.7 rd,44.4 wr,"in(41.0, 232.2)",out(254.6)
2135,36.7 rd,34.1 wr,"in(38.4, 200.2)",out(221.4)
2136,44.7 rd,40.6 wr,"in(64.8, 227.0)",out(264.8)
2137,114.3 rd,111.8 wr,"in(64.8, 80.6)",out(142.2)
2138,106.6 rd,105.0 wr,"in(64.8, 142.8)",out(204.5)
2139,32.6 rd,29.8 wr,"in(64.8, 259.0)",out(296.3)
2140,61.4 rd,60.7 wr,"in(64.8, 147.8)",out(210.0)
2141,57.1 rd,56.1 wr,"in(64.8, 77.5)",out(139.7)
2142,78.4 rd,77.6 wr,"in(64.8, 220.6)",out(282.4)
2143,34.9 rd,32.1 wr,"in(64.8, 300.2)",out(336.1)
2146,65.5 rd,64.8 wr,"in(44.2, 178.2)",out(220.0)
2150,30.9 rd,28.7 wr,"in(64.8, 320.1)",out(357.1)
2151,27.4 rd,25.3 wr,"in(64.8, 323.8)",out(359.2)
2152,60.4 rd,59.6 wr,"in(64.8, 203.8)",out(265.3)
2153,96.7 rd,96.0 wr,"in(0.0, 430.4)",out(427.3)
2155,66.4 rd,65.7 wr,"in(28.3, 129.5)",out(156.1)
2156,62.6 rd,61.9 wr,"in(64.8, 264.1)",out(324.8)
2158,67.2 rd,66.5 wr,"in(64.8, 294.0)",out(354.9)
2159,29.9 rd,28.1 wr,"in(64.8, 415.4)",out(451.2)
2160,26.2 rd,24.5 wr,"in(64.8, 384.2)",out(419.2)
2161,92.7 rd,91.6 wr,"in(64.8, 334.0)",out(394.0)
2168,25.2 rd,23.5 wr,"in(64.8, 388.5)",out(423.8)
2169,33.9 rd,31.9 wr,"in(64.8, 427.9)",out(463.3)
2181,31.8 rd,29.6 wr,"in(12.8, 65.4)",out(73.1)
2182,53.5 rd,49.6 wr,"in(36.5, 194.3)",out(213.9)
2183,43.1 rd,39.8 wr,"in(31.6, 156.5)",out(173.8)
2184,49.4 rd,44.5 wr,"in(64.8, 212.5)",out(249.7)
2186,42.0 rd,39.2 wr,"in(51.5, 307.4)",out(334.7)
2187,44.8 rd,41.8 wr,"in(64.8, 388.5)",out(422.9)
2188,61.8 rd,57.7 wr,"in(64.8, 372.2)",out(408.4)
2192,34.5 rd,32.3 wr,"in(64.8, 388.5)",out(423.6)
2193,125.9 rd,125.5 wr,"in(0.0, 215.2)",out(214.4)
2194,28.6 rd,26.7 wr,"in(39.4, 238.6)",out(260.1)
2195,29.3 rd,26.7 wr,"in(64.8, 247.9)",out(284.9)
2196,50.6 rd,47.6 wr,"in(64.7, 417.0)",out(453.0)
2197,28.4 rd,26.6 wr,"in(44.4, 270.3)",out(294.3)
2198,92.9 rd,91.9 wr,"in(803.9, 290.5)",out(1082.7)
2199,35.5 rd,33.0 wr,"in(64.8, 355.1)",out(389.7)
2201,35.3 rd,32.9 wr,"in(64.8, 373.5)",out(408.6)
2204,36.1 rd,33.7 wr,"in(64.8, 388.5)",out(422.9)
2206,56.2 rd,52.8 wr,"in(64.8, 422.7)",out(457.5)
2221,265.4 rd,262.2 wr,"in(64.8, 50.4)",out(113.8)
2222,272.5 rd,270.1 wr,"in(19.2, 25.7)",out(44.5)
2224,270.0 rd,266.3 wr,"in(64.8, 129.5)",out(191.6)
2225,130.9 rd,129.6 wr,"in(64.8, 126.9)",out(189.8)
2227,165.8 rd,164.7 wr,"in(0.0, 376.7)",out(374.2)
2228,60.8 rd,59.3 wr,"in(64.8, 129.5)",out(189.6)
2229,60.1 rd,59.1 wr,"in(64.8, 129.5)",out(191.0)
2230,58.7 rd,57.9 wr,"in(58.0, 129.5)",out(185.0)
2231,67.5 rd,66.9 wr,"in(64.8, 178.5)",out(240.9)
2232,76.3 rd,75.6 wr,"in(64.8, 210.0)",out(272.3)
2233,117.3 rd,115.1 wr,"in(64.8, 178.9)",out(239.3)
2242,81.5 rd,80.6 wr,"in(64.8, 291.1)",out(351.7)
2254,34.4 rd,31.0 wr,"in(37.4, 129.5)",out(150.5)
2257,53.0 rd,48.3 wr,"in(64.8, 259.0)",out(295.4)
2258,45.1 rd,41.3 wr,"in(46.3, 199.5)",out(225.3)
2259,113.2 rd,112.8 wr,"in(0.0, 215.2)",out(214.4)
2260,53.0 rd,49.2 wr,"in(64.8, 356.0)",out(391.0)
2262,46.4 rd,43.0 wr,"in(64.8, 312.5)",out(350.2)
2263,36.5 rd,34.1 wr,"in(64.8, 286.4)",out(327.6)
2264,33.4 rd,30.6 wr,"in(61.5, 273.7)",out(307.1)
2265,33.9 rd,31.1 wr,"in(64.8, 299.5)",out(333.9)
2266,41.7 rd,39.0 wr,"in(64.8, 390.4)",out(425.3)
2267,104.8 rd,103.7 wr,"in(750.0, 422.5)",out(1160.4)
2268,37.6 rd,35.0 wr,"in(64.8, 359.8)",out(395.1)
2273,38.5 rd,35.9 wr,"in(64.8, 374.2)",out(408.5)
2290,39.2 rd,38.8 wr,"in(17.9, 44.5)",out(61.7)
2291,89.5 rd,88.7 wr,"in(64.7, 94.1)",out(157.4)
2292,47.9 rd,47.2 wr,"in(64.8, 64.8)",out(127.6)
2293,136.2 rd,135.6 wr,"in(0.0, 269.0)",out(267.8)
2294,53.5 rd,52.4 wr,"in(55.9, 129.5)",out(181.7)
2295,63.1 rd,62.2 wr,"in(50.3, 129.5)",out(177.2)
2296,52.9 rd,52.0 wr,"in(64.8, 129.5)",out(191.0)
2297,46.9 rd,46.1 wr,"in(64.8, 107.5)",out(169.4)
2298,52.9 rd,52.1 wr,"in(64.8, 129.5)",out(191.5)
2301,68.0 rd,67.4 wr,"in(64.8, 226.0)",out(288.0)
2306,80.4 rd,79.6 wr,"in(64.8, 304.0)",out(364.9)
2316,223.9 rd,221.0 wr,"in(64.8, 204.8)",out(266.1)
2322,110.9 rd,100.1 wr,"in(27.9, 91.9)",out(108.2)
2323,26.9 rd,24.3 wr,"in(16.8, 64.8)",out(73.8)
2324,68.5 rd,64.1 wr,"in(47.7, 287.8)",out(314.1)
2325,79.3 rd,79.0 wr,"in(0.0, 215.2)",out(214.4)
2326,37.2 rd,34.6 wr,"in(52.2, 296.9)",out(325.1)
2327,48.1 rd,44.9 wr,"in(64.8, 386.2)",out(421.2)
2330,134.2 rd,132.8 wr,"in(643.6, 518.2)",out(1150.2)
2331,34.7 rd,32.1 wr,"in(64.8, 333.6)",out(368.6)
2332,38.7 rd,36.1 wr,"in(64.8, 386.5)",out(421.3)
2333,31.3 rd,28.7 wr,"in(64.8, 306.1)",out(340.4)
2334,61.4 rd,60.4 wr,"in(64.8, 126.7)",out(188.1)
2335,52.8 rd,52.0 wr,"in(64.7, 104.7)",out(166.8)
2340,52.8 rd,52.0 wr,"in(64.8, 111.4)",out(173.4)
2346,35.5 rd,33.2 wr,"in(60.1, 374.6)",out(406.9)
2347,64.7 rd,63.7 wr,"in(64.8, 185.1)",out(246.1)
2348,52.4 rd,51.3 wr,"in(64.8, 139.7)",out(200.3)
2349,49.8 rd,49.1 wr,"in(64.8, 129.5)",out(191.8)
2350,26.0 rd,23.9 wr,"in(64.8, 285.3)",out(321.6)
2351,60.2 rd,59.7 wr,"in(64.8, 170.7)",out(233.3)
2353,141.4 rd,140.7 wr,"in(0.0, 269.0)",out(267.8)
2355,66.9 rd,66.0 wr,"in(68.8, 246.6)",out(311.3)
2360,51.0 rd,50.7 wr,"in(64.7, 129.5)",out(193.1)
2361,28.9 rd,27.1 wr,"in(64.8, 407.1)",out(441.6)
2363,52.5 rd,52.1 wr,"in(64.8, 129.5)",out(193.0)
2365,77.1 rd,76.3 wr,"in(64.8, 237.7)",out(299.0)
2372,65.6 rd,64.9 wr,"in(64.8, 231.6)",out(293.1)
2373,75.6 rd,75.0 wr,"in(45.1, 255.2)",out(298.0)
2374,77.8 rd,77.1 wr,"in(64.8, 251.0)",out(312.8)
2393,131.7 rd,126.3 wr,"in(63.6, 252.4)",out(303.0)
2394,69.6 rd,63.9 wr,"in(47.7, 221.4)",out(247.1)
2395,67.2 rd,61.1 wr,"in(64.8, 259.0)",out(294.5)
2396,110.7 rd,105.7 wr,"in(64.8, 388.5)",out(433.1)
2399,31.0 rd,28.8 wr,"in(34.4, 194.3)",out(212.4)
2400,34.6 rd,31.3 wr,"in(64.8, 259.0)",out(293.6)
2401,113.8 rd,113.4 wr,"in(0.0, 215.2)",out(214.4)
2402,31.8 rd,29.3 wr,"in(51.1, 259.0)",out(285.3)
2403,95.8 rd,94.9 wr,"in(697.4, 259.1)",out(947.1)
2404,35.7 rd,33.1 wr,"in(65.7, 364.1)",out(398.9)
2405,73.5 rd,72.8 wr,"in(31.6, 134.1)",out(163.9)
2406,79.6 rd,77.8 wr,"in(64.8, 129.5)",out(189.9)
2408,27.2 rd,25.4 wr,"in(33.9, 217.5)",out(235.6)
2410,82.4 rd,81.3 wr,"in(64.8, 194.3)",out(255.3)
2411,67.5 rd,66.7 wr,"in(64.8, 263.7)",out(324.6)
2415,64.3 rd,63.6 wr,"in(37.4, 126.1)",out(161.8)
2416,27.8 rd,26.0 wr,"in(61.5, 368.1)",out(401.6)
2423,78.4 rd,77.7 wr,"in(64.8, 125.2)",out(188.1)
2424,28.4 rd,26.5 wr,"in(64.8, 388.5)",out(423.1)
2425,39.2 rd,38.6 wr,"in(64.8, 117.1)",out(178.9)
2426,92.8 rd,92.4 wr,"in(0.0, 269.0)",out(267.8)
2428,23.7 rd,22.0 wr,"in(64.8, 361.6)",out(395.4)
2429,26.6 rd,24.7 wr,"in(64.8, 367.8)",out(401.3)
2433,63.0 rd,62.3 wr,"in(64.8, 312.8)",out(373.7)
2435,62.0 rd,61.5 wr,"in(64.7, 134.2)",out(197.4)
2436,66.3 rd,65.7 wr,"in(36.2, 117.0)",out(151.6)
2438,65.5 rd,64.9 wr,"in(64.8, 294.3)",out(355.9)
2440,24.1 rd,22.4 wr,"in(64.8, 388.5)",out(421.6)
2445,41.0 rd,38.4 wr,"in(64.8, 417.9)",out(452.1)
2454,110.9 rd,102.2 wr,"in(32.3, 152.9)",out(170.8)
2456,99.9 rd,91.1 wr,"in(49.4, 194.3)",out(222.1)
2457,106.1 rd,96.0 wr,"in(64.8, 237.5)",out(273.5)
2458,121.0 rd,111.2 wr,"in(64.8, 318.4)",out(352.3)
2463,79.4 rd,73.4 wr,"in(64.8, 343.8)",out(377.5)
2464,67.1 rd,62.4 wr,"in(64.8, 388.5)",out(421.5)
2465,188.0 rd,187.3 wr,"in(0.0, 215.2)",out(214.4)
2466,51.2 rd,47.2 wr,"in(64.8, 331.0)",out(364.8)
2467,57.9 rd,54.0 wr,"in(64.8, 395.4)",out(428.6)
2468,142.0 rd,140.4 wr,"in(805.1, 323.8)",out(1115.5)
2473,56.2 rd,52.2 wr,"in(64.8, 388.5)",out(420.9)
2486,243.0 rd,239.0 wr,"in(64.8, 91.4)",out(153.6)
2487,246.1 rd,243.6 wr,"in(64.8, 129.5)",out(192.4)
2489,265.6 rd,262.1 wr,"in(64.8, 129.5)",out(191.8)
2490,240.4 rd,236.7 wr,"in(64.8, 129.5)",out(191.3)
2492,241.2 rd,238.9 wr,"in(64.8, 132.7)",out(195.6)
2494,175.1 rd,174.2 wr,"in(0.0, 269.0)",out(267.8)
2495,88.0 rd,86.9 wr,"in(38.8, 151.6)",out(188.1)
2496,70.3 rd,69.6 wr,"in(64.8, 164.4)",out(226.8)
2497,69.7 rd,68.9 wr,"in(64.8, 188.1)",out(250.0)
2498,76.8 rd,76.0 wr,"in(64.8, 259.1)",out(320.4)
2499,69.8 rd,68.8 wr,"in(64.7, 231.4)",out(292.0)
2500,89.9 rd,88.9 wr,"in(64.8, 316.8)",out(377.3)
2501,75.2 rd,74.3 wr,"in(64.7, 255.1)",out(315.8)
2520,29.1 rd,27.4 wr,"in(37.0, 83.1)",out(113.3)
2521,39.5 rd,36.7 wr,"in(29.5, 163.9)",out(179.3)
2522,70.6 rd,69.0 wr,"in(64.8, 323.8)",out(379.6)
2523,47.1 rd,42.8 wr,"in(64.8, 269.5)",out(303.8)
2524,53.8 rd,49.8 wr,"in(64.8, 361.1)",out(394.2)
2525,72.2 rd,70.9 wr,"in(24.1, 129.5)",out(150.8)
2526,55.0 rd,51.2 wr,"in(64.8, 388.2)",out(421.1)
2527,127.7 rd,127.3 wr,"in(0.0, 215.2)",out(214.4)
2528,31.0 rd,28.3 wr,"in(58.6, 268.8)",out(298.8)
2531,34.4 rd,31.6 wr,"in(64.8, 323.8)",out(357.3)
2532,30.7 rd,28.2 wr,"in(48.2, 253.5)",out(277.6)
2533,91.5 rd,90.6 wr,"in(697.4, 299.4)",out(986.8)
2536,31.4 rd,29.2 wr,"in(38.4, 230.8)",out(250.1)
2537,31.1 rd,29.0 wr,"in(64.8, 380.1)",out(414.9)
2539,31.1 rd,28.5 wr,"in(64.8, 324.3)",out(357.3)
2541,43.7 rd,42.8 wr,"in(35.1, 87.9)",out(120.3)
2542,48.1 rd,47.6 wr,"in(27.4, 129.5)",out(155.4)
2553,44.2 rd,43.5 wr,"in(64.8, 129.5)",out(191.1)
2554,44.2 rd,43.5 wr,"in(64.8, 129.5)",out(191.1)
2555,174.1 rd,173.3 wr,"in(0.0, 269.0)",out(267.8)
2556,49.5 rd,48.9 wr,"in(64.8, 197.8)",out(259.6)
2557,61.5 rd,61.2 wr,"in(64.8, 126.5)",out(190.2)
2558,52.8 rd,52.2 wr,"in(64.8, 250.0)",out(311.3)
2559,53.6 rd,53.1 wr,"in(64.7, 254.5)",out(316.2)
2560,55.5 rd,54.8 wr,"in(64.8, 267.6)",out(328.6)
2563,34.5 rd,32.3 wr,"in(64.8, 404.4)",out(438.7)
2564,37.1 rd,34.4 wr,"in(64.8, 368.6)",out(401.2)
2577,168.6 rd,161.7 wr,"in(22.0, 97.6)",out(114.7)
2578,153.8 rd,141.9 wr,"in(38.9, 193.1)",out(214.1)
2579,163.3 rd,149.1 wr,"in(64.8, 288.1)",out(322.0)
2583,198.8 rd,198.1 wr,"in(0.0, 215.2)",out(214.4)
2586,165.0 rd,163.3 wr,"in(697.4, 470.9)",out(1155.8)
2587,66.9 rd,62.4 wr,"in(66.0, 414.2)",out(447.6)
2588,43.0 rd,42.6 wr,"in(64.7, 64.7)",out(128.1)
2589,43.0 rd,42.2 wr,"in(64.8, 64.8)",out(127.1)
2590,51.7 rd,47.8 wr,"in(64.8, 359.2)",out(391.7)
2593,45.9 rd,44.9 wr,"in(64.8, 129.5)",out(190.3)
2596,46.0 rd,45.5 wr,"in(64.8, 129.5)",out(192.0)
2597,43.6 rd,40.2 wr,"in(64.8, 353.1)",out(385.9)
2598,43.5 rd,40.2 wr,"in(64.8, 362.8)",out(395.1)
2599,47.4 rd,46.9 wr,"in(64.8, 194.3)",out(256.8)
2600,45.8 rd,45.1 wr,"in(64.8, 186.2)",out(247.0)
2601,42.6 rd,39.5 wr,"in(64.8, 388.5)",out(420.2)
2602,50.6 rd,49.8 wr,"in(64.8, 217.2)",out(277.6)
2605,56.2 rd,55.4 wr,"in(64.8, 119.2)",out(181.3)
2606,56.5 rd,55.9 wr,"in(27.1, 155.4)",out(180.6)
2612,77.3 rd,76.4 wr,"in(64.8, 97.6)",out(160.6)
2613,113.6 rd,112.4 wr,"in(64.7, 226.6)",out(288.4)
2615,116.1 rd,115.1 wr,"in(64.8, 259.6)",out(321.4)
2617,90.8 rd,89.7 wr,"in(64.8, 389.3)",out(448.9)
2628,190.2 rd,189.1 wr,"in(0.0, 322.9)",out(321.0)
2629,113.6 rd,112.5 wr,"in(64.8, 213.9)",out(276.0)
2630,112.0 rd,111.0 wr,"in(64.7, 246.5)",out(308.6)
2637,62.2 rd,58.9 wr,"in(64.8, 194.3)",out(245.3)
2638,41.4 rd,38.7 wr,"in(35.0, 194.3)",out(214.3)
2639,40.9 rd,37.4 wr,"in(49.6, 247.3)",out(272.1)
2640,106.1 rd,105.2 wr,"in(643.1, 222.0)",out(858.1)
2641,37.3 rd,33.7 wr,"in(61.1, 259.0)",out(289.5)
2642,82.0 rd,80.7 wr,"in(64.8, 129.6)",out(191.2)
2643,32.9 rd,29.9 wr,"in(64.8, 294.1)",out(326.5)
2644,88.6 rd,88.2 wr,"in(0.0, 269.0)",out(267.7)
2645,41.1 rd,38.2 wr,"in(64.8, 384.0)",out(416.1)
2646,51.9 rd,49.1 wr,"in(64.8, 293.8)",out(338.9)
2648,31.4 rd,29.2 wr,"in(51.8, 313.6)",out(340.1)
2649,32.6 rd,30.1 wr,"in(56.7, 323.8)",out(351.5)
2653,33.4 rd,30.9 wr,"in(60.8, 343.6)",out(373.4)
2654,31.4 rd,28.8 wr,"in(68.0, 324.9)",out(359.6)
2657,31.4 rd,28.8 wr,"in(64.8, 328.0)",out(360.4)
2658,65.2 rd,64.4 wr,"in(64.8, 191.1)",out(253.0)
2659,107.9 rd,107.2 wr,"in(64.8, 129.5)",out(193.1)
2662,98.2 rd,96.8 wr,"in(64.8, 253.3)",out(313.5)
2663,106.1 rd,105.1 wr,"in(64.8, 277.6)",out(339.1)
2664,100.1 rd,99.2 wr,"in(64.8, 259.0)",out(320.9)
2665,115.5 rd,114.3 wr,"in(64.8, 320.6)",out(381.5)
2666,50.2 rd,46.5 wr,"in(64.8, 395.1)",out(426.4)
2674,28.1 rd,26.1 wr,"in(11.2, 64.8)",out(70.6)
2677,81.6 rd,79.9 wr,"in(64.8, 244.2)",out(302.3)
2678,55.6 rd,51.1 wr,"in(47.5, 240.1)",out(264.1)
2679,31.8 rd,29.4 wr,"in(27.5, 155.9)",out(169.3)
2680,51.6 rd,48.2 wr,"in(38.6, 259.0)",out(277.9)
2681,87.3 rd,87.0 wr,"in(0.0, 215.2)",out(214.4)
2682,122.8 rd,121.7 wr,"in(536.8, 404.7)",out(933.1)
2683,56.6 rd,55.7 wr,"in(34.9, 115.9)",out(148.4)
2684,68.4 rd,67.4 wr,"in(64.7, 160.6)",out(222.1)
2685,60.1 rd,59.2 wr,"in(64.8, 156.9)",out(218.6)
2686,69.9 rd,69.0 wr,"in(64.8, 193.2)",out(254.7)
2687,74.6 rd,74.0 wr,"in(64.8, 232.6)",out(295.2)
2690,45.1 rd,41.9 wr,"in(64.8, 398.9)",out(430.7)
2695,83.9 rd,83.2 wr,"in(64.8, 358.2)",out(419.6)
2696,109.8 rd,108.6 wr,"in(64.8, 211.4)",out(273.4)
2697,32.1 rd,29.5 wr,"in(64.8, 326.5)",out(358.6)
2698,30.8 rd,28.4 wr,"in(64.8, 359.0)",out(391.5)
2699,75.1 rd,74.3 wr,"in(64.8, 194.3)",out(256.0)
2700,35.3 rd,33.0 wr,"in(64.8, 425.8)",out(458.9)
2705,114.7 rd,114.1 wr,"in(0.0, 269.0)",out(267.8)
2710,28.6 rd,26.5 wr,"in(64.8, 360.5)",out(392.9)
2715,101.7 rd,100.4 wr,"in(64.8, 206.8)",out(268.0)
2717,30.3 rd,28.1 wr,"in(64.8, 388.5)",out(419.8)
2719,103.9 rd,102.7 wr,"in(64.8, 226.3)",out(287.8)
2720,126.1 rd,124.6 wr,"in(64.8, 349.5)",out(409.4)
2727,73.5 rd,71.8 wr,"in(64.8, 163.8)",out(223.5)
2730,129.2 rd,128.0 wr,"in(643.6, 250.4)",out(886.0)
2731,111.0 rd,110.6 wr,"in(0.0, 215.2)",out(214.4)
2732,174.0 rd,172.4 wr,"in(64.8, 11.8)",out(75.9)
2733,155.9 rd,155.8 wr,"in(64.8, 64.8)",out(129.4)
2734,84.1 rd,83.0 wr,"in(64.8, 99.7)",out(162.4)
2735,76.1 rd,75.3 wr,"in(64.8, 275.2)",out(336.6)
2736,86.8 rd,85.9 wr,"in(64.8, 348.1)",out(408.6)
2737,38.0 rd,35.2 wr,"in(64.8, 388.5)",out(419.6)
2738,126.0 rd,125.4 wr,"in(0.0, 269.0)",out(267.8)
2739,40.8 rd,38.0 wr,"in(64.8, 425.8)",out(456.5)
2742,90.0 rd,89.1 wr,"in(64.8, 384.6)",out(445.0)
2744,35.9 rd,31.6 wr,"in(64.8, 377.2)",out(388.5)
2745,36.6 rd,31.6 wr,"in(64.8, 385.3)",out(388.5)
2746,36.4 rd,26.3 wr,"in(64.8, 383.2)",out(323.8)
2748,2314.6 rd,0.0 wr,"in(64.8, 355.2)",out(0.0)
2749,36.8 rd,26.3 wr,"in(64.8, 388.5)",out(323.8)
2751,2559.1 rd,0.0 wr,"in(64.8, 403.0)",out(0.0)
2755,38.0 rd,26.3 wr,"in(64.8, 402.9)",out(323.8)
2760,35.4 rd,26.3 wr,"in(64.8, 371.2)",out(323.8)
2765,34.9 rd,26.3 wr,"in(64.8, 365.1)",out(323.8)
2766,255.7 rd,151.9 wr,"in(17.6, 91.5)",out(64.8)
2767,1279.0 rd,172.7 wr,"in(64.8, 414.9)",out(64.8)
2768,1066.6 rd,169.1 wr,"in(64.8, 343.6)",out(64.8)
